ID,C,H,N,O,S
Seq_1,26.65,14.49,51.16,6.62,1.07
Seq_2,27.17,12.68,51.81,7.97,0.36
Seq_3,26.12,13.65,52.13,7.25,0.85
Seq_4,25.51,13.55,51.01,8.96,0.96
Seq_5,26.43,11.94,53.49,7.81,0.32
Seq_6,25.82,12.23,53.57,8.38,0.0
Seq_7,26.18,11.98,54.64,7.13,0.07
Seq_8,27.06,12.06,53.71,6.68,0.49
Seq_9,27.54,12.29,51.69,7.2,1.27
Seq_10,25.21,13.42,52.47,8.08,0.82
Seq_11,26.0,12.96,52.96,7.39,0.7
Seq_12,25.0,14.22,53.92,6.86,0.0
Seq_13,25.93,14.81,53.09,6.17,0.0
Seq_14,26.03,11.14,54.13,8.48,0.22
Seq_15,31.44,8.25,51.03,9.28,0.0
Seq_16,26.73,13.4,52.94,6.76,0.18
Seq_17,25.29,14.76,49.83,10.12,0.0
Seq_18,25.73,13.69,53.06,7.52,0.0
Seq_19,29.26,8.3,52.84,9.61,0.0
Seq_20,26.3,12.99,51.22,8.63,0.85
Seq_21,25.86,10.97,54.6,8.41,0.16
Seq_22,25.85,11.91,53.21,8.83,0.2
Seq_23,26.46,13.34,50.72,8.6,0.88
Seq_24,26.82,12.82,52.53,7.14,0.69
Seq_25,29.26,12.96,49.44,8.33,0.0
Seq_26,26.09,8.7,58.7,6.52,0.0
Seq_27,27.29,13.87,51.11,6.84,0.89
Seq_28,26.13,12.51,53.65,7.6,0.12
Seq_29,24.69,12.22,52.57,9.05,1.47
Seq_30,26.18,12.46,53.77,7.54,0.06
Seq_31,25.18,13.8,52.57,7.45,1.01
Seq_32,26.13,13.58,51.36,8.15,0.78
Seq_33,25.22,12.92,53.98,7.49,0.39
Seq_34,25.1,12.78,53.91,8.06,0.15
Seq_35,25.94,13.31,53.53,6.77,0.45
Seq_36,26.16,12.5,53.19,7.66,0.49
Seq_37,26.26,12.59,51.99,8.18,0.97
Seq_38,25.46,11.94,53.28,8.53,0.79
Seq_39,25.13,14.31,52.93,7.57,0.06
Seq_40,25.91,13.03,52.38,7.84,0.84
Seq_41,26.11,11.11,56.11,6.67,0.0
Seq_42,26.54,11.45,53.48,8.29,0.25
Seq_43,27.98,12.5,50.0,8.93,0.6
Seq_44,25.91,12.51,53.2,7.59,0.79
Seq_45,26.56,11.56,53.48,8.39,0.0
Seq_46,26.45,12.61,53.0,7.12,0.81
Seq_47,26.11,12.7,54.13,7.06,0.0
Seq_48,27.22,13.09,52.42,7.16,0.12
Seq_49,24.97,14.07,53.93,7.03,0.0
Seq_50,25.84,11.07,54.7,8.39,0.0
Seq_51,26.36,11.92,52.73,8.18,0.81
Seq_52,26.67,12.83,53.12,7.03,0.36
Seq_53,25.55,12.15,54.2,7.88,0.22
Seq_54,26.29,13.85,52.82,6.81,0.23
Seq_55,24.7,10.53,55.06,9.72,0.0
Seq_56,25.42,13.79,52.02,8.18,0.59
Seq_57,26.03,14.45,50.44,8.09,1.0
Seq_58,25.4,13.37,53.3,7.88,0.06
Seq_59,25.47,14.97,52.2,7.3,0.07
Seq_60,25.64,12.38,53.51,8.07,0.4
Seq_61,27.07,12.69,49.41,10.83,0.0
Seq_62,26.16,12.52,51.9,8.58,0.84
Seq_63,29.87,10.82,51.95,6.49,0.87
Seq_64,25.83,14.31,51.05,7.59,1.22
Seq_65,26.06,13.03,52.71,7.53,0.68
Seq_66,27.82,12.62,51.55,7.41,0.6
Seq_67,25.3,14.07,52.95,6.89,0.79
Seq_68,25.71,8.57,54.29,11.07,0.36
Seq_69,26.08,13.2,52.37,7.32,1.03
Seq_70,26.27,12.23,53.51,7.99,0.0
Seq_71,25.05,12.98,54.84,7.13,0.0
Seq_72,26.72,13.23,52.67,7.12,0.25
Seq_73,26.58,13.44,53.23,6.46,0.3
Seq_74,25.57,14.5,51.53,7.63,0.76
Seq_75,26.57,12.92,53.07,7.2,0.25
Seq_76,24.55,12.05,53.12,9.38,0.89
Seq_77,27.13,13.91,50.55,7.58,0.83
Seq_78,27.52,12.48,52.33,7.37,0.3
Seq_79,26.16,12.97,51.57,8.43,0.86
Seq_80,26.34,14.12,52.29,7.25,0.0
Seq_81,25.51,9.72,55.47,9.31,0.0
Seq_82,26.23,13.48,52.82,7.04,0.43
Seq_83,24.96,14.32,52.32,7.95,0.45
Seq_84,26.43,12.05,54.09,7.31,0.12
Seq_85,25.55,12.52,53.26,8.29,0.38
Seq_86,25.78,12.31,53.89,8.01,0.0
Seq_87,24.9,9.49,56.13,9.49,0.0
Seq_88,25.8,13.39,53.9,6.7,0.22
Seq_89,26.06,13.3,52.12,8.1,0.42
Seq_90,26.5,11.9,53.93,7.56,0.1
Seq_91,26.26,13.3,50.95,8.6,0.89
Seq_92,25.23,9.35,56.54,8.88,0.0
Seq_93,28.57,13.15,52.07,5.8,0.41
Seq_94,25.07,14.65,52.17,7.28,0.83
Seq_95,27.57,12.96,52.61,6.26,0.61
Seq_96,26.06,13.63,51.96,6.98,1.36
Seq_97,27.36,11.01,53.14,7.97,0.52
Seq_98,26.29,12.13,53.67,7.74,0.17
Seq_99,27.31,11.66,54.03,6.9,0.1
Seq_100,24.75,11.36,53.21,10.46,0.22
Seq_101,26.67,13.64,51.47,7.44,0.78
Seq_102,24.88,13.67,53.92,7.53,0.0
Seq_103,27.34,12.61,53.11,6.15,0.79
Seq_104,26.55,14.12,51.74,6.74,0.84
Seq_105,25.13,12.85,53.35,7.83,0.85
Seq_106,25.3,12.97,53.76,7.69,0.29
Seq_107,24.58,11.69,54.3,9.19,0.24
Seq_108,25.67,13.73,50.78,8.93,0.89
Seq_109,28.33,11.9,50.99,7.93,0.85
Seq_110,26.45,10.55,53.82,9.17,0.0
Seq_111,26.61,12.47,52.18,7.9,0.83
Seq_112,26.19,13.32,51.05,8.55,0.89
Seq_113,27.24,12.6,51.63,8.13,0.41
Seq_114,26.34,12.76,52.51,7.57,0.82
Seq_115,25.94,11.98,53.81,8.14,0.13
Seq_116,28.09,11.59,53.18,6.91,0.22
Seq_117,31.74,8.19,51.54,8.19,0.34
Seq_118,26.96,12.73,52.94,7.14,0.23
Seq_119,28.39,9.21,54.22,8.18,0.0
Seq_120,27.66,11.74,53.98,6.12,0.5
Seq_121,25.99,11.81,55.24,6.78,0.18
Seq_122,26.17,12.9,52.19,8.02,0.73
Seq_123,25.36,12.43,54.22,7.37,0.62
Seq_124,26.03,12.68,52.51,7.88,0.9
Seq_125,26.12,12.99,52.6,7.78,0.51
Seq_126,26.19,11.74,53.67,8.15,0.25
Seq_127,27.25,11.62,54.1,6.93,0.1
Seq_128,26.29,13.91,52.41,7.16,0.23
Seq_129,26.39,12.99,52.69,7.2,0.74
Seq_130,29.27,12.19,52.78,5.47,0.29
Seq_131,26.23,12.73,53.65,6.96,0.42
Seq_132,25.21,14.45,52.53,7.17,0.63
Seq_133,26.86,13.75,51.58,7.57,0.25
Seq_134,28.53,13.09,51.05,7.07,0.26
Seq_135,25.84,12.53,54.28,7.0,0.35
Seq_136,26.6,13.02,52.45,7.74,0.19
Seq_137,24.97,10.64,54.14,9.46,0.79
Seq_138,25.65,13.01,52.42,8.18,0.74
Seq_139,25.41,12.94,51.18,9.53,0.94
Seq_140,27.98,8.26,53.21,10.55,0.0
Seq_141,25.95,11.74,54.24,7.99,0.07
Seq_142,25.86,12.4,53.58,7.79,0.37
Seq_143,27.04,13.66,51.57,6.92,0.81
Seq_144,26.42,14.7,51.53,7.17,0.17
Seq_145,26.11,13.72,51.99,7.52,0.66
Seq_146,26.2,11.42,53.67,8.51,0.19
Seq_147,25.83,14.46,51.1,7.84,0.77
Seq_148,25.55,13.62,52.59,7.6,0.63
Seq_149,26.9,13.39,52.62,6.85,0.24
Seq_150,28.91,12.24,51.02,6.8,1.02
Seq_151,27.93,9.31,53.72,9.04,0.0
Seq_152,29.07,11.63,51.16,7.56,0.58
Seq_153,25.09,12.66,52.07,9.11,1.07
Seq_154,27.15,11.74,53.34,7.12,0.66
Seq_155,27.27,13.42,52.48,6.77,0.05
Seq_156,27.08,14.39,49.43,8.33,0.76
Seq_157,27.65,12.9,52.46,6.89,0.11
Seq_158,26.23,13.58,51.7,8.3,0.19
Seq_159,25.1,14.39,52.84,7.61,0.06
Seq_160,25.98,12.5,54.23,7.29,0.0
Seq_161,26.55,11.69,53.83,7.66,0.26
Seq_162,27.16,12.12,52.83,7.22,0.68
Seq_163,26.96,11.95,51.54,8.87,0.68
Seq_164,25.84,13.0,53.47,7.48,0.22
Seq_165,25.55,13.42,51.23,8.87,0.93
Seq_166,25.51,12.29,52.96,8.69,0.55
Seq_167,25.28,12.6,53.47,8.4,0.24
Seq_168,25.64,11.22,53.87,8.71,0.56
Seq_169,26.36,12.26,53.0,7.77,0.61
Seq_170,25.2,9.45,55.12,10.24,0.0
Seq_171,24.95,11.16,53.83,9.85,0.22
Seq_172,26.15,13.59,51.28,8.21,0.77
Seq_173,26.13,13.58,51.36,8.15,0.78
Seq_174,27.14,12.27,50.93,8.92,0.74
Seq_175,26.24,14.45,52.09,7.22,0.0
Seq_176,26.59,12.74,51.37,8.49,0.81
Seq_177,27.61,10.77,50.51,11.11,0.0
Seq_178,26.09,13.5,52.32,7.89,0.2
Seq_179,26.7,12.91,53.33,6.66,0.4
Seq_180,26.11,11.91,54.56,7.35,0.07
Seq_181,26.02,12.97,52.57,7.98,0.46
Seq_182,26.89,13.16,52.46,6.82,0.66
Seq_183,25.94,12.8,51.99,8.39,0.88
Seq_184,25.8,13.41,53.55,6.74,0.51
Seq_185,26.81,12.79,52.73,7.32,0.35
Seq_186,25.81,14.29,53.0,6.91,0.0
Seq_187,26.46,12.82,51.38,8.51,0.82
Seq_188,26.82,11.61,53.96,6.98,0.63
Seq_189,26.26,13.35,52.08,6.97,1.34
Seq_190,26.45,13.57,51.43,7.77,0.79
Seq_191,26.57,12.87,52.91,6.96,0.68
Seq_192,27.15,12.58,53.06,7.04,0.17
Seq_193,25.59,12.25,53.51,8.27,0.39
Seq_194,27.59,11.29,54.55,6.58,0.0
Seq_195,26.93,12.37,53.09,7.42,0.19
Seq_196,26.01,12.44,53.06,7.88,0.62
Seq_197,30.3,8.42,52.19,9.09,0.0
Seq_198,25.49,12.08,53.88,8.39,0.16
Seq_199,27.1,12.03,52.69,7.59,0.58
Seq_200,26.99,12.09,53.22,7.53,0.16
Seq_201,26.73,11.95,50.94,9.43,0.94
Seq_202,25.93,12.96,52.31,8.33,0.46
Seq_203,26.11,12.78,52.82,7.39,0.91
Seq_204,27.51,12.72,52.83,6.51,0.43
Seq_205,25.46,13.66,52.25,7.82,0.8
Seq_206,26.37,13.43,52.81,7.24,0.14
Seq_207,28.87,9.97,52.69,8.48,0.0
Seq_208,25.97,12.34,53.63,8.06,0.0
Seq_209,25.5,12.71,54.07,7.43,0.29
Seq_210,26.18,12.96,51.94,8.16,0.76
Seq_211,25.48,13.39,51.29,8.87,0.97
Seq_212,26.41,11.85,53.48,8.04,0.22
Seq_213,26.97,12.75,52.27,7.88,0.13
Seq_214,25.03,13.98,53.3,7.18,0.51
Seq_215,26.37,13.29,52.29,7.26,0.79
Seq_216,24.86,10.72,54.03,10.17,0.22
Seq_217,26.48,13.3,52.83,6.77,0.62
Seq_218,28.68,9.69,51.94,9.69,0.0
Seq_219,24.41,11.23,54.43,9.72,0.22
Seq_220,25.8,12.7,53.91,7.36,0.23
Seq_221,24.6,9.68,55.65,9.68,0.4
Seq_222,27.26,12.37,53.12,6.33,0.93
Seq_223,27.94,13.73,50.49,6.86,0.98
Seq_224,25.23,11.21,53.27,8.41,1.87
Seq_225,26.51,11.98,53.7,7.69,0.11
Seq_226,26.01,12.13,54.31,7.29,0.26
Seq_227,26.22,11.99,54.02,7.65,0.11
Seq_228,26.22,13.22,51.0,8.67,0.89
Seq_229,26.42,11.74,52.94,8.24,0.66
Seq_230,26.31,13.1,51.75,7.97,0.87
Seq_231,26.18,10.73,53.95,9.04,0.09
Seq_232,26.65,13.22,50.99,8.26,0.88
Seq_233,25.75,11.59,57.08,5.58,0.0
Seq_234,26.28,11.97,53.45,8.13,0.17
Seq_235,25.16,14.58,51.08,8.21,0.97
Seq_236,27.11,13.67,51.95,7.16,0.11
Seq_237,25.91,13.06,53.32,6.85,0.86
Seq_238,25.85,11.79,53.46,8.83,0.07
Seq_239,25.14,12.66,53.49,7.79,0.92
Seq_240,26.3,11.96,53.68,7.9,0.16
Seq_241,26.67,12.13,53.17,7.31,0.71
Seq_242,25.2,14.96,50.66,8.14,1.05
Seq_243,25.83,11.53,52.64,9.17,0.83
Seq_244,26.09,12.07,53.54,7.92,0.39
Seq_245,26.19,10.12,54.76,8.93,0.0
Seq_246,26.76,12.77,52.41,7.84,0.22
Seq_247,27.03,12.83,53.01,6.97,0.16
Seq_248,26.03,12.5,52.98,7.45,1.03
Seq_249,25.66,13.35,52.23,7.86,0.9
Seq_250,25.87,9.65,55.21,9.27,0.0
Seq_251,25.96,12.37,53.14,7.32,1.22
Seq_252,26.05,11.79,55.13,7.03,0.0
Seq_253,26.86,10.95,53.16,8.47,0.56
Seq_254,26.17,13.31,51.01,8.61,0.89
Seq_255,27.05,11.93,53.46,6.83,0.73
Seq_256,26.09,13.12,53.02,7.62,0.15
Seq_257,26.1,12.58,52.82,8.3,0.21
Seq_258,24.3,14.84,52.47,7.53,0.86
Seq_259,26.89,12.96,52.71,6.77,0.68
Seq_260,26.27,13.38,52.15,7.25,0.96
Seq_261,25.28,13.57,51.93,8.22,1.0
Seq_262,25.94,12.26,54.72,7.08,0.0
Seq_263,25.75,13.02,54.65,6.15,0.43
Seq_264,27.37,10.03,56.1,6.5,0.0
Seq_265,25.85,13.77,51.8,7.98,0.6
Seq_266,26.23,13.12,53.07,7.46,0.11
Seq_267,25.74,12.06,53.22,8.78,0.2
Seq_268,25.73,11.79,54.18,8.08,0.21
Seq_269,26.83,8.72,56.19,8.26,0.0
Seq_270,26.09,14.01,53.14,6.76,0.0
Seq_271,27.26,12.97,50.9,7.88,0.99
Seq_272,27.24,9.29,56.04,7.43,0.0
Seq_273,26.56,12.3,53.98,7.1,0.06
Seq_274,27.91,12.75,51.25,8.01,0.09
Seq_275,25.74,13.05,53.86,7.17,0.18
Seq_276,27.18,12.42,51.34,8.72,0.34
Seq_277,25.8,14.22,51.61,7.34,1.03
Seq_278,26.64,13.06,53.46,6.75,0.09
Seq_279,27.31,12.61,52.45,7.53,0.09
Seq_280,26.55,12.29,52.31,7.96,0.88
Seq_281,27.7,12.84,51.35,8.11,0.0
Seq_282,26.72,12.53,53.12,7.33,0.31
Seq_283,26.07,12.39,53.74,7.61,0.18
Seq_284,26.66,11.97,53.31,7.47,0.59
Seq_285,27.67,13.42,52.04,6.71,0.17
Seq_286,27.81,11.22,53.35,6.87,0.75
Seq_287,24.83,10.81,54.47,9.35,0.53
Seq_288,26.63,11.97,53.86,7.29,0.26
Seq_289,26.56,12.72,52.97,7.33,0.41
Seq_290,25.74,13.88,51.48,8.33,0.57
Seq_291,26.07,13.03,54.3,6.6,0.0
Seq_292,25.9,11.86,53.49,8.61,0.14
Seq_293,27.42,12.66,52.26,6.94,0.73
Seq_294,25.85,13.14,52.98,7.18,0.85
Seq_295,27.01,12.53,53.28,6.5,0.67
Seq_296,26.25,12.06,53.51,8.02,0.17
Seq_297,25.66,13.57,53.07,6.95,0.74
Seq_298,24.57,12.72,52.68,8.91,1.12
Seq_299,26.12,13.44,51.47,8.19,0.77
Seq_300,27.42,12.02,54.2,6.25,0.11
Seq_301,26.67,11.78,53.17,7.83,0.54
Seq_302,24.63,11.1,53.49,10.57,0.21
Seq_303,26.0,12.69,52.53,8.7,0.09
Seq_304,24.72,12.48,53.37,8.45,0.98
Seq_305,30.84,12.15,51.4,5.61,0.0
Seq_306,26.44,13.16,50.77,8.74,0.88
Seq_307,25.0,11.08,54.05,9.19,0.68
Seq_308,27.75,11.76,52.69,7.16,0.64
Seq_309,25.81,12.74,51.85,8.87,0.73
Seq_310,25.22,13.04,53.26,7.83,0.65
Seq_311,25.12,12.56,53.9,8.11,0.32
Seq_312,25.55,12.17,52.82,9.36,0.1
Seq_313,25.9,12.46,53.07,7.69,0.88
Seq_314,26.38,12.89,53.44,7.29,0.0
Seq_315,27.61,12.24,52.72,7.06,0.37
Seq_316,25.43,13.46,53.34,7.27,0.5
Seq_317,25.33,12.32,54.19,8.05,0.11
Seq_318,25.68,11.63,52.67,9.64,0.37
Seq_319,25.69,11.83,54.55,7.94,0.0
Seq_320,26.94,12.88,53.06,6.4,0.72
Seq_321,26.83,12.09,53.46,7.56,0.06
Seq_322,25.74,12.24,53.78,7.94,0.3
Seq_323,29.53,8.29,53.89,8.29,0.0
Seq_324,25.99,11.85,53.98,7.84,0.34
Seq_325,26.48,12.27,52.56,7.87,0.82
Seq_326,25.92,13.08,51.34,8.68,0.98
Seq_327,26.68,9.62,58.17,4.81,0.72
Seq_328,25.12,12.71,54.03,7.98,0.16
Seq_329,26.21,13.43,51.53,8.06,0.77
Seq_330,26.3,13.38,52.08,7.34,0.91
Seq_331,26.17,10.99,53.78,8.72,0.34
Seq_332,25.9,12.76,53.85,7.33,0.16
Seq_333,32.64,7.44,50.0,9.92,0.0
Seq_334,25.2,10.57,55.69,8.54,0.0
Seq_335,24.85,12.9,51.95,9.44,0.87
Seq_336,26.83,13.76,51.32,7.22,0.88
Seq_337,26.56,12.06,54.01,7.13,0.24
Seq_338,26.88,11.14,51.09,9.93,0.97
Seq_339,25.72,12.71,53.22,8.28,0.06
Seq_340,28.68,9.69,51.94,9.69,0.0
Seq_341,26.29,11.68,53.72,8.2,0.11
Seq_342,25.65,14.14,50.61,8.55,1.05
Seq_343,25.21,12.55,54.81,7.06,0.37
Seq_344,26.46,12.07,53.31,7.83,0.33
Seq_345,26.51,12.83,52.96,7.13,0.57
Seq_346,27.3,12.16,53.06,6.67,0.81
Seq_347,27.01,12.77,53.38,6.42,0.42
Seq_348,25.37,11.94,53.78,8.83,0.07
Seq_349,26.67,11.11,57.04,5.19,0.0
Seq_350,26.98,13.14,52.25,7.46,0.18
Seq_351,26.85,12.0,53.75,7.25,0.15
Seq_352,25.34,12.98,52.93,7.8,0.94
Seq_353,28.14,10.78,52.99,7.49,0.6
Seq_354,25.05,13.67,53.43,7.33,0.52
Seq_355,25.9,12.45,53.51,8.13,0.0
Seq_356,27.27,13.95,51.18,6.72,0.87
Seq_357,26.96,12.37,53.19,6.65,0.83
Seq_358,26.03,13.05,52.65,7.95,0.32
Seq_359,26.26,13.66,52.33,7.49,0.25
Seq_360,24.94,13.0,53.51,8.31,0.23
Seq_361,26.94,14.22,51.94,6.9,0.0
Seq_362,26.55,12.81,51.65,8.19,0.79
Seq_363,26.51,12.95,52.92,7.34,0.28
Seq_364,25.92,13.13,52.73,7.34,0.89
Seq_365,26.01,12.49,53.06,8.37,0.06
Seq_366,26.3,12.82,53.53,6.99,0.36
Seq_367,24.9,10.37,56.02,8.71,0.0
Seq_368,25.47,13.67,52.45,8.0,0.41
Seq_369,26.52,13.15,50.72,8.73,0.88
Seq_370,24.95,13.59,54.0,7.45,0.0
Seq_371,27.17,12.26,53.01,7.15,0.41
Seq_372,25.41,12.55,53.16,8.47,0.41
Seq_373,26.02,13.08,52.97,7.66,0.26
Seq_374,26.03,12.3,53.38,8.12,0.17
Seq_375,25.69,12.13,54.06,7.94,0.18
Seq_376,30.95,13.69,48.81,6.55,0.0
Seq_377,26.93,13.65,52.6,6.61,0.21
Seq_378,27.32,12.63,52.84,6.96,0.26
Seq_379,26.92,12.5,51.28,8.65,0.64
Seq_380,26.34,13.1,52.28,7.59,0.67
Seq_381,26.95,12.28,51.8,8.38,0.6
Seq_382,25.87,12.1,54.17,7.72,0.14
Seq_383,25.89,9.22,53.9,10.99,0.0
Seq_384,26.72,12.21,52.36,7.98,0.73
Seq_385,25.26,12.82,52.61,8.36,0.95
Seq_386,26.03,11.97,54.67,7.07,0.26
Seq_387,26.13,12.71,52.98,7.61,0.57
Seq_388,25.47,10.98,54.17,9.09,0.28
Seq_389,25.86,13.93,52.11,7.52,0.58
Seq_390,28.5,9.16,55.22,7.12,0.0
Seq_391,26.28,14.19,52.29,7.23,0.0
Seq_392,25.75,12.83,53.32,7.92,0.17
Seq_393,25.77,13.89,51.21,8.2,0.92
Seq_394,25.74,13.82,52.24,7.34,0.86
Seq_395,27.49,12.72,52.6,6.46,0.73
Seq_396,26.12,12.58,51.92,8.53,0.85
Seq_397,28.28,13.01,51.94,6.34,0.43
Seq_398,26.18,13.14,51.0,8.83,0.84
Seq_399,26.13,12.36,53.49,7.92,0.1
Seq_400,26.33,12.89,51.78,8.11,0.89
Seq_401,26.22,12.32,53.41,8.05,0.0
Seq_402,26.25,13.35,51.06,8.45,0.89
Seq_403,25.71,13.47,52.64,7.28,0.9
Seq_404,27.61,12.29,52.68,6.73,0.68
Seq_405,28.33,8.87,56.16,6.65,0.0
Seq_406,25.85,10.88,55.65,7.49,0.14
Seq_407,25.77,13.51,52.54,7.84,0.33
Seq_408,24.73,11.29,54.3,9.14,0.54
Seq_409,26.01,12.33,53.86,7.73,0.07
Seq_410,28.55,12.89,49.47,9.08,0.0
Seq_411,26.28,13.03,51.57,8.25,0.87
Seq_412,25.55,13.98,51.98,8.1,0.39
Seq_413,25.26,12.87,52.16,8.42,1.29
Seq_414,25.6,12.1,54.64,7.46,0.2
Seq_415,26.44,13.91,51.38,7.36,0.92
Seq_416,25.7,13.8,52.3,7.3,0.9
Seq_417,26.72,12.49,53.52,6.96,0.3
Seq_418,26.69,13.61,52.41,6.97,0.33
Seq_419,26.34,13.22,52.59,7.47,0.38
Seq_420,24.74,9.34,54.67,10.9,0.35
Seq_421,32.44,9.03,51.17,7.36,0.0
Seq_422,26.2,13.29,51.52,8.23,0.76
Seq_423,26.51,14.33,52.32,6.77,0.07
Seq_424,28.41,10.14,54.2,7.25,0.0
Seq_425,27.4,13.22,50.32,8.21,0.85
Seq_426,26.73,13.73,52.92,6.5,0.12
Seq_427,25.6,11.4,53.82,8.5,0.68
Seq_428,25.69,11.88,55.58,6.84,0.0
Seq_429,27.16,12.48,52.59,7.14,0.63
Seq_430,25.77,13.05,53.4,7.39,0.4
Seq_431,25.59,12.84,53.89,7.59,0.09
Seq_432,24.24,14.49,52.83,7.91,0.53
Seq_433,26.67,13.33,51.85,7.62,0.53
Seq_434,26.57,11.69,53.22,7.88,0.64
Seq_435,26.52,12.75,51.21,8.7,0.81
Seq_436,26.6,12.11,53.08,8.09,0.11
Seq_437,26.27,13.1,52.47,7.41,0.75
Seq_438,29.63,10.37,52.22,7.78,0.0
Seq_439,26.67,11.94,51.94,8.89,0.56
Seq_440,24.37,8.4,54.62,12.61,0.0
Seq_441,26.17,13.28,52.61,7.14,0.79
Seq_442,27.38,11.27,53.19,7.7,0.46
Seq_443,26.42,11.32,53.1,9.16,0.0
Seq_444,25.24,12.35,54.05,7.83,0.54
Seq_445,27.21,11.64,53.61,6.9,0.64
Seq_446,25.47,13.8,51.84,7.51,1.39
Seq_447,26.9,12.23,52.79,7.65,0.44
Seq_448,26.69,12.66,52.84,7.28,0.53
Seq_449,25.89,13.93,52.18,7.34,0.66
Seq_450,28.46,12.24,52.07,6.6,0.64
Seq_451,26.12,10.59,54.18,8.74,0.37
Seq_452,26.24,12.98,53.53,7.16,0.1
Seq_453,26.09,9.06,54.71,10.14,0.0
Seq_454,26.25,12.43,51.97,8.5,0.85
Seq_455,26.74,12.81,51.23,8.4,0.82
Seq_456,26.51,12.74,52.78,7.04,0.94
Seq_457,25.77,11.78,54.83,7.23,0.39
Seq_458,26.56,13.02,52.67,7.23,0.52
Seq_459,26.21,13.35,52.18,7.52,0.73
Seq_460,27.56,12.49,52.36,6.96,0.62
Seq_461,26.12,13.44,51.47,8.19,0.77
Seq_462,25.94,13.67,51.6,7.25,1.53
Seq_463,25.78,12.06,53.68,8.35,0.13
Seq_464,26.77,13.65,52.12,6.72,0.74
Seq_465,26.25,12.51,53.15,7.44,0.65
Seq_466,26.33,12.27,53.0,7.79,0.62
Seq_467,25.56,12.72,52.01,8.82,0.89
Seq_468,26.54,13.11,50.88,8.59,0.88
Seq_469,27.26,11.9,52.38,8.45,0.0
Seq_470,26.42,11.42,53.58,8.17,0.42
Seq_471,25.79,13.26,52.13,7.99,0.82
Seq_472,28.9,12.66,51.62,6.82,0.0
Seq_473,26.74,10.53,53.39,9.07,0.27
Seq_474,27.38,12.55,52.7,6.84,0.53
Seq_475,26.45,13.01,50.71,8.96,0.87
Seq_476,25.72,12.94,53.12,8.22,0.0
Seq_477,26.96,12.97,51.99,6.94,1.14
Seq_478,28.83,10.81,51.35,8.11,0.9
Seq_479,25.9,13.05,52.62,7.61,0.82
Seq_480,27.44,13.06,52.83,5.92,0.74
Seq_481,25.28,13.02,52.51,8.68,0.51
Seq_482,26.19,13.68,51.35,8.0,0.77
Seq_483,26.14,13.43,52.53,7.11,0.79
Seq_484,27.24,13.62,50.71,7.62,0.81
Seq_485,26.28,12.18,54.81,6.73,0.0
Seq_486,26.25,11.93,53.42,8.4,0.0
Seq_487,27.42,12.22,53.65,6.31,0.4
Seq_488,27.03,12.59,53.35,6.81,0.22
Seq_489,27.19,14.15,51.03,6.36,1.27
Seq_490,25.41,9.84,56.56,7.38,0.82
Seq_491,25.8,13.17,52.83,7.85,0.34
Seq_492,25.63,13.35,50.77,9.3,0.95
Seq_493,25.53,11.32,53.93,8.64,0.58
Seq_494,25.56,12.33,54.06,7.89,0.15
Seq_495,26.28,13.81,50.56,8.35,1.0
Seq_496,27.13,11.7,52.66,8.51,0.0
Seq_497,26.0,13.41,51.69,7.98,0.92
Seq_498,26.35,12.49,53.36,7.65,0.14
Seq_499,26.69,12.81,53.24,7.05,0.22
Seq_500,25.75,11.59,54.08,8.5,0.09
Seq_501,26.24,13.77,52.36,7.51,0.12
Seq_502,24.6,13.93,53.47,7.47,0.53
Seq_503,27.19,12.34,53.43,6.43,0.61
Seq_504,25.5,12.84,53.1,7.74,0.82
Seq_505,25.2,14.8,50.4,9.2,0.4
Seq_506,26.38,12.0,53.94,7.56,0.12
Seq_507,25.44,13.54,51.55,8.61,0.87
Seq_508,25.31,12.07,53.89,8.57,0.16
Seq_509,27.55,12.61,52.71,7.07,0.06
Seq_510,31.98,8.11,52.25,7.66,0.0
Seq_511,26.37,11.98,54.13,7.52,0.0
Seq_512,31.88,8.05,52.01,8.05,0.0
Seq_513,27.91,12.16,52.95,6.35,0.63
Seq_514,25.08,11.15,54.45,9.11,0.21
Seq_515,25.86,8.28,54.83,11.03,0.0
Seq_516,26.11,12.1,54.2,7.41,0.19
Seq_517,26.82,12.49,52.81,7.71,0.18
Seq_518,26.94,12.18,52.71,7.46,0.71
Seq_519,26.06,13.39,51.73,7.84,0.98
Seq_520,26.33,11.67,54.22,7.46,0.32
Seq_521,26.51,10.85,53.7,8.84,0.1
Seq_522,26.58,13.06,52.55,6.61,1.2
Seq_523,24.77,12.42,54.03,8.72,0.06
Seq_524,25.72,12.72,52.83,7.8,0.93
Seq_525,26.36,13.37,51.7,7.82,0.76
Seq_526,24.64,10.8,54.55,9.75,0.26
Seq_527,25.49,12.86,53.37,7.5,0.77
Seq_528,25.99,11.61,55.15,6.99,0.26
Seq_529,27.59,12.7,52.19,6.64,0.88
Seq_530,25.99,12.32,53.63,7.94,0.12
Seq_531,25.27,13.1,52.92,8.65,0.06
Seq_532,26.18,12.61,51.82,8.55,0.85
Seq_533,26.33,11.86,54.32,7.15,0.35
Seq_534,26.2,13.29,51.65,8.1,0.76
Seq_535,29.07,11.05,51.74,6.98,1.16
Seq_536,26.24,12.49,51.96,8.47,0.85
Seq_537,25.74,12.77,53.73,7.66,0.1
Seq_538,25.93,12.64,53.7,7.66,0.07
Seq_539,26.15,14.05,52.86,6.83,0.11
Seq_540,25.44,13.49,51.01,9.35,0.71
Seq_541,24.54,14.56,52.18,7.68,1.03
Seq_542,25.71,13.31,51.79,8.63,0.55
Seq_543,24.53,13.81,53.57,7.48,0.61
Seq_544,26.68,11.72,53.95,7.07,0.58
Seq_545,24.98,12.45,53.49,8.66,0.42
Seq_546,25.7,13.9,50.61,8.9,0.89
Seq_547,27.98,11.92,50.26,9.84,0.0
Seq_548,26.43,10.09,55.11,8.37,0.0
Seq_549,25.28,11.44,53.65,9.63,0.0
Seq_550,24.18,11.52,54.68,9.62,0.0
Seq_551,25.99,12.45,53.73,7.71,0.12
Seq_552,25.77,11.56,53.94,8.56,0.17
Seq_553,31.07,7.77,51.46,9.71,0.0
Seq_554,26.46,13.6,52.78,7.16,0.0
Seq_555,26.36,11.74,54.66,7.04,0.2
Seq_556,26.84,12.92,53.28,6.46,0.5
Seq_557,26.28,13.18,52.86,7.15,0.53
Seq_558,27.88,10.19,54.16,7.77,0.0
Seq_559,26.97,11.84,53.29,7.89,0.0
Seq_560,25.92,12.57,53.34,7.6,0.57
Seq_561,26.32,12.67,52.07,7.86,1.08
Seq_562,26.58,12.04,54.04,7.11,0.24
Seq_563,26.12,12.72,52.72,7.57,0.87
Seq_564,25.83,11.83,53.82,8.3,0.22
Seq_565,28.28,10.86,52.02,8.84,0.0
Seq_566,27.17,12.99,51.18,8.27,0.39
Seq_567,27.34,13.09,52.69,6.13,0.75
Seq_568,26.52,13.15,51.16,8.29,0.88
Seq_569,28.05,12.11,53.03,6.28,0.54
Seq_570,24.59,14.16,51.12,8.94,1.19
Seq_571,27.23,13.45,50.61,7.72,0.99
Seq_572,26.03,11.66,54.29,8.02,0.0
Seq_573,25.67,13.08,52.69,7.58,0.98
Seq_574,26.02,13.2,53.05,6.85,0.89
Seq_575,26.11,13.05,52.21,7.94,0.69
Seq_576,24.93,13.94,54.08,7.04,0.0
Seq_577,24.73,12.9,52.07,9.82,0.47
Seq_578,26.43,12.33,54.19,7.05,0.0
Seq_579,26.13,12.51,54.56,6.59,0.22
Seq_580,26.99,13.22,52.42,7.31,0.06
Seq_581,26.49,13.65,51.62,7.97,0.27
Seq_582,27.4,11.75,53.98,6.51,0.36
Seq_583,25.0,14.25,53.76,6.99,0.0
Seq_584,26.5,11.64,53.32,8.22,0.32
Seq_585,28.12,8.98,56.64,6.25,0.0
Seq_586,25.99,13.25,52.42,7.82,0.52
Seq_587,26.25,12.91,51.63,8.35,0.87
Seq_588,26.51,13.38,52.12,7.99,0.0
Seq_589,26.56,13.85,52.31,6.77,0.51
Seq_590,27.64,12.73,51.91,7.09,0.64
Seq_591,27.13,11.28,53.91,7.49,0.19
Seq_592,25.72,13.97,52.22,7.44,0.65
Seq_593,25.31,12.7,53.06,8.84,0.09
Seq_594,25.61,13.98,51.82,7.64,0.95
Seq_595,25.0,9.68,55.65,9.68,0.0
Seq_596,26.56,13.58,51.9,7.27,0.69
Seq_597,26.84,12.53,52.71,7.29,0.62
Seq_598,25.8,12.9,54.93,6.3,0.07
Seq_599,26.15,8.48,55.12,10.25,0.0
Seq_600,27.31,13.44,51.94,6.75,0.56
Seq_601,29.13,9.84,50.79,10.24,0.0
Seq_602,25.98,11.87,54.05,8.1,0.0
Seq_603,25.59,13.21,51.6,8.62,0.97
Seq_604,25.76,12.82,53.16,7.87,0.39
Seq_605,25.79,13.64,52.49,8.08,0.0
Seq_606,25.27,13.52,51.01,9.25,0.95
Seq_607,26.6,13.13,50.99,8.39,0.88
Seq_608,26.36,13.18,50.91,8.64,0.91
Seq_609,26.13,13.58,51.36,8.15,0.78
Seq_610,27.07,12.68,52.34,7.05,0.86
Seq_611,26.75,11.87,53.45,7.66,0.27
Seq_612,25.82,14.07,52.46,7.38,0.27
Seq_613,26.09,9.06,54.35,10.51,0.0
Seq_614,25.77,11.54,52.69,8.97,1.03
Seq_615,26.29,14.01,52.59,7.11,0.0
Seq_616,25.67,12.51,52.62,8.56,0.64
Seq_617,26.16,13.47,52.44,7.27,0.66
Seq_618,26.19,11.73,53.55,8.19,0.34
Seq_619,26.9,12.13,52.92,7.8,0.26
Seq_620,24.97,10.95,54.05,9.81,0.23
Seq_621,26.52,11.55,54.01,7.93,0.0
Seq_622,26.4,13.54,52.26,7.8,0.0
Seq_623,27.15,12.45,52.93,6.81,0.65
Seq_624,26.26,14.06,51.06,7.82,0.8
Seq_625,26.54,12.88,53.08,7.1,0.39
Seq_626,25.12,13.69,53.69,7.02,0.48
Seq_627,27.05,11.99,51.37,8.56,1.03
Seq_628,25.34,13.23,53.06,7.37,1.0
Seq_629,27.48,12.6,52.39,7.06,0.48
Seq_630,26.73,13.14,50.89,8.35,0.89
Seq_631,27.08,11.53,55.33,5.94,0.12
Seq_632,28.24,11.87,52.83,6.9,0.16
Seq_633,25.49,12.25,53.92,8.33,0.0
Seq_634,26.78,10.38,53.01,9.84,0.0
Seq_635,26.46,12.09,53.47,7.7,0.27
Seq_636,25.85,13.13,51.59,8.41,1.03
Seq_637,24.91,13.62,53.22,7.63,0.63
Seq_638,26.11,13.08,53.27,7.3,0.23
Seq_639,28.22,13.84,51.04,6.89,0.0
Seq_640,26.15,12.65,51.77,8.57,0.86
Seq_641,25.22,12.91,53.3,8.08,0.49
Seq_642,26.06,13.42,52.01,7.61,0.89
Seq_643,27.08,9.88,53.91,9.14,0.0
Seq_644,25.85,11.36,54.22,8.43,0.14
Seq_645,25.64,12.42,54.61,7.12,0.22
Seq_646,27.36,11.62,53.35,7.59,0.08
Seq_647,27.6,11.74,53.85,6.27,0.54
Seq_648,26.25,13.77,51.35,7.85,0.77
Seq_649,26.56,13.05,52.35,7.2,0.84
Seq_650,26.43,14.12,52.51,6.77,0.18
Seq_651,26.74,13.76,50.85,7.81,0.85
Seq_652,26.02,12.97,52.26,8.08,0.67
Seq_653,25.64,12.78,54.06,7.22,0.3
Seq_654,24.9,10.98,54.62,8.84,0.67
Seq_655,25.75,11.14,54.42,8.53,0.16
Seq_656,26.27,12.39,53.34,7.88,0.11
Seq_657,25.42,12.54,54.07,7.97,0.0
Seq_658,27.08,14.23,50.9,6.95,0.84
Seq_659,25.79,13.01,52.02,8.31,0.87
Seq_660,26.39,12.28,53.51,7.09,0.73
Seq_661,26.51,11.54,53.53,8.32,0.1
Seq_662,25.48,12.95,52.89,7.85,0.83
Seq_663,25.43,13.12,53.47,7.63,0.35
Seq_664,26.17,12.23,52.73,8.1,0.78
Seq_665,25.5,13.28,53.89,7.02,0.31
Seq_666,25.43,11.66,54.05,8.38,0.48
Seq_667,26.16,8.96,54.48,10.39,0.0
Seq_668,27.19,12.63,52.68,7.49,0.0
Seq_669,25.68,12.53,53.19,8.54,0.06
Seq_670,26.66,11.56,54.62,6.94,0.22
Seq_671,26.9,13.37,52.96,6.6,0.17
Seq_672,27.34,12.11,50.78,8.98,0.78
Seq_673,25.14,12.96,52.59,9.21,0.1
Seq_674,24.95,12.36,54.25,8.0,0.44
Seq_675,29.25,9.43,52.36,8.96,0.0
Seq_676,26.29,12.59,53.35,7.65,0.12
Seq_677,25.09,12.49,53.99,8.38,0.06
Seq_678,25.98,13.22,52.11,7.99,0.69
Seq_679,26.35,12.42,53.8,6.84,0.59
Seq_680,26.37,12.96,52.57,7.25,0.86
Seq_681,27.27,15.58,49.35,7.79,0.0
Seq_682,26.87,11.9,52.38,8.5,0.34
Seq_683,24.76,14.12,52.63,7.85,0.63
Seq_684,25.75,13.04,52.48,7.65,1.08
Seq_685,27.53,11.37,52.35,8.03,0.73
Seq_686,25.7,13.12,52.58,7.78,0.81
Seq_687,25.52,13.59,51.04,8.92,0.93
Seq_688,26.46,12.23,53.41,7.24,0.67
Seq_689,25.88,11.04,53.73,9.02,0.34
Seq_690,28.11,13.2,51.81,6.18,0.69
Seq_691,26.65,12.55,52.55,7.63,0.62
Seq_692,25.76,12.72,53.75,7.66,0.1
Seq_693,26.39,13.26,52.45,7.12,0.78
Seq_694,25.95,13.51,52.63,7.19,0.73
Seq_695,24.52,11.53,53.45,10.28,0.23
Seq_696,26.91,11.69,54.16,6.83,0.41
Seq_697,28.06,9.35,56.47,6.12,0.0
Seq_698,28.49,9.76,53.12,8.63,0.0
Seq_699,25.68,13.17,52.87,8.28,0.0
Seq_700,29.05,9.25,54.76,6.94,0.0
Seq_701,25.47,12.1,54.03,8.23,0.16
Seq_702,26.62,13.31,51.54,7.85,0.68
Seq_703,26.86,12.67,52.09,7.76,0.61
Seq_704,27.06,10.56,55.12,6.93,0.33
Seq_705,25.74,13.4,52.43,7.59,0.83
Seq_706,25.39,12.65,53.77,8.03,0.16
Seq_707,26.31,14.05,51.47,7.68,0.49
Seq_708,26.18,13.37,51.8,7.75,0.9
Seq_709,28.37,11.61,53.31,6.21,0.49
Seq_710,24.7,9.56,55.78,9.56,0.4
Seq_711,26.2,13.27,50.95,8.7,0.89
Seq_712,26.35,12.32,53.1,7.5,0.73
Seq_713,26.33,14.42,50.85,7.49,0.91
Seq_714,25.3,12.0,53.19,9.05,0.46
Seq_715,28.03,12.83,52.23,6.28,0.64
Seq_716,25.87,13.99,52.47,6.83,0.84
Seq_717,26.86,12.23,53.04,7.31,0.55
Seq_718,27.77,11.4,51.9,8.26,0.66
Seq_719,26.32,11.76,55.42,6.5,0.0
Seq_720,26.4,14.45,52.07,6.97,0.11
Seq_721,25.63,14.72,51.17,7.5,0.97
Seq_722,25.73,12.38,53.45,8.27,0.17
Seq_723,25.27,11.16,53.9,9.14,0.54
Seq_724,25.6,11.4,53.82,8.5,0.68
Seq_725,27.15,12.36,52.3,8.02,0.16
Seq_726,26.11,13.91,51.94,7.19,0.85
Seq_727,26.72,13.8,52.14,7.28,0.06
Seq_728,23.26,15.5,50.39,10.08,0.78
Seq_729,27.07,10.97,53.85,8.12,0.0
Seq_730,25.95,12.97,53.86,6.87,0.35
Seq_731,25.37,11.66,54.06,8.42,0.49
Seq_732,26.56,13.07,50.93,8.61,0.83
Seq_733,24.6,13.84,53.36,7.66,0.54
Seq_734,25.95,12.76,52.02,8.4,0.87
Seq_735,25.95,12.34,54.42,7.09,0.19
Seq_736,24.9,14.94,50.62,8.71,0.83
Seq_737,25.26,14.57,52.41,7.13,0.63
Seq_738,24.51,9.34,54.86,10.51,0.78
Seq_739,25.34,12.04,53.82,8.22,0.59
Seq_740,26.8,12.11,53.69,6.62,0.77
Seq_741,27.42,8.7,57.19,6.69,0.0
Seq_742,26.08,12.85,53.35,7.35,0.38
Seq_743,25.39,12.36,55.19,7.06,0.0
Seq_744,28.29,9.96,50.6,11.16,0.0
Seq_745,26.46,10.64,53.58,9.23,0.09
Seq_746,25.29,13.1,53.54,7.91,0.16
Seq_747,26.97,12.4,53.54,6.52,0.56
Seq_748,24.39,12.8,53.66,8.54,0.61
Seq_749,25.39,13.43,53.73,6.93,0.52
Seq_750,27.22,12.51,52.56,6.92,0.79
Seq_751,30.77,15.38,46.15,7.69,0.0
Seq_752,26.26,12.25,53.81,7.45,0.23
Seq_753,25.55,13.64,52.7,7.62,0.49
Seq_754,26.51,11.49,54.92,7.0,0.08
Seq_755,26.71,12.78,52.26,7.59,0.67
Seq_756,27.03,12.4,53.42,7.0,0.16
Seq_757,25.0,14.41,51.88,7.52,1.19
Seq_758,25.36,12.72,53.73,8.02,0.16
Seq_759,26.17,11.59,53.26,8.7,0.29
Seq_760,26.5,13.29,53.14,6.64,0.43
Seq_761,27.78,12.3,51.19,7.94,0.79
Seq_762,26.32,12.53,53.78,7.04,0.34
Seq_763,27.35,9.94,52.21,9.39,1.1
Seq_764,32.52,7.98,50.92,8.59,0.0
Seq_765,25.09,12.03,54.18,8.45,0.26
Seq_766,26.29,12.18,54.05,7.37,0.11
Seq_767,28.0,12.56,52.66,6.14,0.63
Seq_768,26.27,12.09,53.37,8.16,0.11
Seq_769,25.73,13.6,52.7,7.08,0.9
Seq_770,26.09,12.9,52.69,7.81,0.52
Seq_771,26.67,12.3,53.8,7.23,0.0
Seq_772,26.35,13.28,51.75,7.65,0.96
Seq_773,25.8,13.45,52.45,7.36,0.93
Seq_774,26.43,13.21,52.85,6.91,0.6
Seq_775,24.79,11.57,55.1,8.26,0.28
Seq_776,25.87,12.59,53.65,7.79,0.11
Seq_777,27.56,12.34,52.81,6.78,0.51
Seq_778,25.57,12.1,53.4,8.02,0.91
Seq_779,25.82,9.34,58.24,6.59,0.0
Seq_780,27.19,13.07,51.49,7.54,0.7
Seq_781,27.07,12.37,51.67,8.15,0.73
Seq_782,27.91,10.57,53.66,7.86,0.0
Seq_783,26.3,12.51,52.07,8.27,0.85
Seq_784,23.78,8.54,55.49,11.59,0.61
Seq_785,26.3,12.64,53.03,7.69,0.34
Seq_786,26.54,13.11,50.77,8.7,0.88
Seq_787,25.2,10.57,54.47,8.94,0.81
Seq_788,25.73,13.36,53.28,7.09,0.53
Seq_789,25.89,12.35,53.34,8.1,0.31
Seq_790,25.69,13.15,53.14,7.22,0.81
Seq_791,25.17,9.52,57.14,8.16,0.0
Seq_792,25.27,12.83,52.69,8.23,0.98
Seq_793,26.8,10.78,54.1,8.32,0.0
Seq_794,26.04,10.59,54.42,8.84,0.1
Seq_795,24.48,13.99,54.55,6.99,0.0
Seq_796,25.2,12.82,54.29,7.6,0.09
Seq_797,25.77,13.43,52.04,8.25,0.51
Seq_798,25.62,12.53,53.58,7.38,0.89
Seq_799,28.2,11.14,53.59,6.88,0.19
Seq_800,26.32,13.45,50.99,8.33,0.91
Seq_801,25.96,12.37,52.13,9.33,0.2
Seq_802,26.52,13.91,53.91,5.65,0.0
Seq_803,29.02,13.73,51.37,5.88,0.0
Seq_804,25.15,13.61,51.76,8.51,0.97
Seq_805,27.45,12.74,52.58,6.8,0.43
Seq_806,27.73,11.43,53.8,6.61,0.43
Seq_807,24.78,8.85,53.54,12.83,0.0
Seq_808,25.75,14.23,51.81,7.3,0.9
Seq_809,26.15,11.69,54.57,7.6,0.0
Seq_810,26.72,12.83,51.01,8.59,0.85
Seq_811,26.18,10.14,54.65,8.76,0.28
Seq_812,28.57,9.52,54.76,7.14,0.0
Seq_813,26.92,10.49,55.94,6.64,0.0
Seq_814,25.65,12.77,53.09,8.43,0.06
Seq_815,26.13,13.64,51.35,8.11,0.77
Seq_816,25.95,13.22,51.9,7.77,1.16
Seq_817,25.61,12.33,52.71,8.87,0.48
Seq_818,27.34,11.87,51.44,8.63,0.72
Seq_819,28.34,10.14,54.38,7.14,0.0
Seq_820,26.79,12.72,51.79,8.48,0.22
Seq_821,25.93,13.03,50.75,9.33,0.96
Seq_822,25.29,9.74,57.54,7.42,0.0
Seq_823,26.28,11.81,53.8,7.79,0.32
Seq_824,25.95,10.97,53.63,9.26,0.19
Seq_825,26.53,12.83,51.7,8.07,0.87
Seq_826,26.05,12.09,53.41,8.34,0.11
Seq_827,26.16,10.64,54.77,8.43,0.0
Seq_828,27.49,11.77,54.31,6.29,0.15
Seq_829,27.31,13.26,52.31,6.77,0.36
Seq_830,26.18,13.09,52.71,7.2,0.82
Seq_831,25.76,13.85,52.49,7.62,0.28
Seq_832,28.98,11.21,52.59,6.62,0.6
Seq_833,26.33,13.22,51.14,8.45,0.87
Seq_834,26.77,11.99,53.49,7.54,0.2
Seq_835,25.07,14.63,50.15,9.55,0.6
Seq_836,27.36,10.14,54.53,7.97,0.0
Seq_837,25.19,9.16,56.49,9.16,0.0
Seq_838,25.45,13.68,51.11,8.85,0.91
Seq_839,26.58,9.66,54.01,9.74,0.0
Seq_840,27.28,12.2,53.3,6.78,0.45
Seq_841,25.68,13.84,52.16,7.6,0.72
Seq_842,25.55,13.63,51.22,8.64,0.97
Seq_843,25.55,11.39,53.97,8.61,0.48
Seq_844,26.4,9.6,55.6,8.4,0.0
Seq_845,27.48,10.64,51.24,9.65,0.99
Seq_846,29.21,13.86,50.5,6.44,0.0
Seq_847,24.93,10.84,54.88,8.54,0.81
Seq_848,25.31,11.25,53.85,9.38,0.21
Seq_849,26.42,13.05,51.34,8.34,0.86
Seq_850,27.81,11.25,53.37,7.57,0.0
Seq_851,24.79,12.87,52.09,9.06,1.19
Seq_852,29.27,10.37,53.66,6.71,0.0
Seq_853,25.29,12.73,53.27,7.98,0.73
Seq_854,26.14,13.78,51.24,8.06,0.78
Seq_855,25.85,12.69,53.82,7.59,0.05
Seq_856,24.78,14.12,52.16,8.93,0.0
Seq_857,26.3,13.15,52.01,7.56,0.98
Seq_858,26.52,13.95,50.97,8.29,0.28
Seq_859,25.85,12.02,53.21,8.71,0.21
Seq_860,26.12,11.96,53.09,8.57,0.25
Seq_861,24.94,14.3,52.55,7.1,1.11
Seq_862,26.16,12.13,53.36,8.17,0.17
Seq_863,26.75,13.76,51.84,7.64,0.0
Seq_864,26.39,13.36,51.78,7.57,0.89
Seq_865,27.36,12.5,51.35,8.45,0.34
Seq_866,26.17,11.41,53.56,8.25,0.61
Seq_867,26.52,11.9,53.67,7.67,0.24
Seq_868,27.44,12.24,53.02,6.69,0.6
Seq_869,26.21,12.5,53.63,7.66,0.0
Seq_870,25.02,13.66,53.38,7.35,0.59
Seq_871,26.54,11.42,54.96,7.01,0.08
Seq_872,26.61,15.45,51.5,6.01,0.43
Seq_873,26.55,13.8,52.4,6.32,0.94
Seq_874,25.29,13.45,52.94,7.72,0.61
Seq_875,26.24,11.35,56.74,5.67,0.0
Seq_876,26.37,13.84,53.0,6.7,0.09
Seq_877,26.5,12.15,53.73,7.26,0.37
Seq_878,26.45,12.85,52.77,7.38,0.55
Seq_879,25.97,12.67,53.56,7.12,0.69
Seq_880,25.33,13.22,54.54,6.58,0.33
Seq_881,26.29,13.49,52.79,7.15,0.27
Seq_882,26.49,15.65,51.69,6.09,0.08
Seq_883,26.71,11.73,53.59,7.36,0.61
Seq_884,25.77,13.99,53.41,6.83,0.0
Seq_885,25.78,12.86,53.31,7.68,0.37
Seq_886,26.13,12.46,53.16,8.18,0.06
Seq_887,26.04,11.53,54.64,7.58,0.21
Seq_888,26.1,13.09,52.05,8.04,0.71
Seq_889,27.28,12.49,52.76,7.42,0.06
Seq_890,26.66,11.61,54.44,7.05,0.24
Seq_891,26.34,11.92,53.62,7.94,0.18
Seq_892,25.2,12.64,53.28,8.48,0.4
Seq_893,27.08,13.6,52.36,6.53,0.42
Seq_894,26.15,12.65,51.77,8.57,0.86
Seq_895,26.03,13.8,52.05,7.34,0.79
Seq_896,26.2,13.73,51.03,8.12,0.92
Seq_897,26.12,12.76,52.41,8.1,0.6
Seq_898,25.87,12.79,53.07,7.81,0.46
Seq_899,24.74,10.0,55.53,9.74,0.0
Seq_900,26.43,12.92,53.27,7.04,0.33
Seq_901,27.45,13.24,50.0,8.33,0.98
Seq_902,28.03,12.8,52.83,5.77,0.58
Seq_903,26.15,11.75,54.16,7.68,0.26
Seq_904,26.81,14.68,50.0,8.3,0.21
Seq_905,25.79,12.3,52.38,9.13,0.4
Seq_906,24.93,15.09,50.81,8.09,1.08
Seq_907,26.3,12.93,51.93,7.85,0.99
Seq_908,26.33,13.73,50.62,8.29,1.02
Seq_909,26.57,11.94,53.5,7.92,0.07
Seq_910,25.88,11.99,53.89,8.19,0.06
Seq_911,26.53,13.38,50.45,8.73,0.91
Seq_912,25.64,13.73,51.64,8.02,0.97
Seq_913,27.62,11.6,50.83,9.94,0.0
Seq_914,25.9,12.82,53.74,7.29,0.25
Seq_915,25.13,15.82,48.86,10.19,0.0
Seq_916,26.7,13.19,53.28,6.5,0.32
Seq_917,25.51,15.64,50.72,7.1,1.03
Seq_918,27.37,12.77,50.73,8.76,0.36
Seq_919,27.25,11.68,54.49,6.59,0.0
Seq_920,27.38,12.49,53.19,6.11,0.83
Seq_921,27.27,11.53,54.1,6.65,0.44
Seq_922,25.53,11.77,53.7,8.99,0.0
Seq_923,26.94,12.67,53.17,6.58,0.64
Seq_924,26.5,11.08,53.42,8.58,0.42
Seq_925,27.48,12.16,51.35,8.56,0.45
Seq_926,26.4,12.04,52.94,7.93,0.68
Seq_927,25.77,12.34,53.82,8.01,0.05
Seq_928,25.83,12.34,54.46,7.37,0.0
Seq_929,27.69,15.73,50.65,5.71,0.22
Seq_930,24.91,12.27,52.79,9.29,0.74
Seq_931,26.14,13.24,50.72,9.01,0.89
Seq_932,26.76,12.16,52.16,8.11,0.81
Seq_933,26.0,13.41,51.7,8.3,0.59
Seq_934,26.35,13.39,52.27,7.2,0.79
Seq_935,26.76,12.4,52.89,7.11,0.84
Seq_936,24.63,13.89,53.29,7.58,0.6
Seq_937,25.76,12.83,53.67,7.35,0.39
Seq_938,25.45,13.35,53.21,7.47,0.53
Seq_939,26.08,12.88,51.85,8.34,0.84
Seq_940,25.58,13.52,51.05,8.91,0.94
Seq_941,26.81,12.35,53.35,7.41,0.09
Seq_942,27.82,12.84,52.24,6.61,0.49
Seq_943,26.43,13.48,52.43,6.58,1.08
Seq_944,26.39,12.59,53.2,7.14,0.68
Seq_945,27.61,13.87,51.39,7.0,0.13
Seq_946,26.58,12.78,52.66,7.09,0.89
Seq_947,26.35,12.28,53.36,7.84,0.17
Seq_948,25.92,13.3,52.12,7.86,0.8
Seq_949,25.91,12.04,53.23,8.28,0.54
Seq_950,27.13,14.22,52.11,6.37,0.18
Seq_951,26.28,13.52,51.53,7.91,0.77
Seq_952,27.28,13.74,50.75,7.42,0.8
Seq_953,24.3,10.92,55.28,9.51,0.0
Seq_954,26.14,13.27,52.99,7.5,0.1
Seq_955,28.1,12.88,51.67,7.29,0.06
Seq_956,33.12,8.2,50.47,8.2,0.0
Seq_957,26.62,13.36,51.75,7.64,0.64
Seq_958,26.97,13.95,52.44,6.45,0.19
Seq_959,28.72,10.26,54.1,6.92,0.0
Seq_960,26.26,13.18,51.62,7.93,1.01
Seq_961,24.85,12.95,53.97,8.18,0.06
Seq_962,26.24,13.76,51.71,7.9,0.39
Seq_963,25.85,12.81,50.88,9.52,0.94
Seq_964,26.16,11.59,54.55,7.63,0.07
Seq_965,26.16,11.83,55.2,6.81,0.0
Seq_966,27.24,12.31,53.76,6.09,0.6
Seq_967,26.68,13.68,52.34,6.96,0.34
Seq_968,27.04,13.18,51.97,7.14,0.67
Seq_969,25.39,13.75,53.33,7.21,0.33
Seq_970,26.89,12.35,52.52,7.9,0.34
Seq_971,23.85,13.85,52.69,9.62,0.0
Seq_972,26.45,13.15,52.35,7.25,0.8
Seq_973,26.25,9.27,54.83,9.65,0.0
Seq_974,26.08,12.47,53.99,7.2,0.26
Seq_975,26.78,12.93,52.44,7.14,0.71
Seq_976,26.63,12.47,53.78,6.95,0.18
Seq_977,26.21,13.69,51.36,7.96,0.78
Seq_978,25.58,13.52,52.7,7.48,0.72
Seq_979,25.49,11.71,53.93,8.46,0.41
Seq_980,25.98,12.34,53.86,7.71,0.12
Seq_981,26.44,13.28,51.25,8.16,0.87
Seq_982,26.74,12.94,52.49,7.09,0.75
Seq_983,28.95,9.47,54.21,7.37,0.0
Seq_984,28.12,11.67,51.46,7.96,0.8
Seq_985,25.42,11.83,54.42,8.27,0.06
Seq_986,26.81,12.59,51.81,8.07,0.72
Seq_987,25.5,13.07,51.76,8.67,1.01
Seq_988,28.29,11.39,53.86,6.06,0.4
Seq_989,26.0,11.5,51.5,10.0,1.0
Seq_990,26.58,9.3,55.15,8.97,0.0
Seq_991,25.78,13.37,52.84,7.53,0.48
Seq_992,25.06,13.97,53.46,7.04,0.46
Seq_993,25.37,13.73,51.35,8.58,0.98
Seq_994,25.5,12.75,54.25,7.24,0.27
Seq_995,26.32,13.73,53.34,6.49,0.13
Seq_996,25.19,13.83,54.2,6.79,0.0
Seq_997,27.94,11.76,52.45,7.84,0.0
Seq_998,26.85,11.92,52.32,8.03,0.88
Seq_999,26.13,13.6,52.99,7.21,0.08
Seq_1000,25.33,17.0,50.33,7.33,0.0
Seq_1001,25.8,12.48,53.19,8.07,0.47
Seq_1002,26.01,12.75,51.34,9.9,0.0
Seq_1003,29.78,8.44,53.33,8.44,0.0
Seq_1004,26.0,12.33,53.75,7.8,0.12
Seq_1005,26.61,12.81,53.23,7.17,0.18
Seq_1006,27.34,12.17,53.47,6.51,0.5
Seq_1007,26.41,12.77,52.66,7.13,1.02
Seq_1008,25.29,11.9,53.59,9.22,0.0
Seq_1009,25.65,13.36,53.26,7.05,0.67
Seq_1010,25.84,13.9,52.79,7.46,0.0
Seq_1011,27.09,13.11,51.9,7.26,0.65
Seq_1012,25.55,11.29,54.07,8.52,0.57
Seq_1013,26.35,11.92,53.85,7.79,0.1
Seq_1014,29.21,13.12,51.98,5.69,0.0
Seq_1015,24.55,14.48,52.74,7.53,0.7
Seq_1016,27.58,12.35,52.99,6.76,0.31
Seq_1017,26.85,12.07,53.8,7.17,0.11
Seq_1018,25.81,11.28,52.13,9.77,1.0
Seq_1019,26.33,13.21,52.29,7.61,0.55
Seq_1020,25.25,14.55,51.39,7.72,1.09
Seq_1021,28.13,11.73,53.56,6.2,0.37
Seq_1022,25.2,13.83,52.55,7.87,0.55
Seq_1023,25.97,11.31,54.52,8.05,0.15
Seq_1024,25.85,13.29,52.13,8.16,0.58
Seq_1025,26.15,14.81,52.18,6.67,0.19
Seq_1026,28.66,13.13,51.17,6.99,0.05
Seq_1027,25.91,13.32,53.74,6.66,0.37
Seq_1028,27.23,11.84,53.59,6.83,0.51
Seq_1029,27.94,12.24,50.12,9.7,0.0
Seq_1030,27.19,11.91,53.16,7.54,0.2
Seq_1031,25.85,12.66,51.81,8.72,0.96
Seq_1032,26.0,12.92,53.43,7.58,0.08
Seq_1033,27.29,11.61,54.27,6.46,0.38
Seq_1034,26.07,13.04,53.49,6.98,0.42
Seq_1035,26.31,12.39,53.34,7.24,0.72
Seq_1036,25.44,13.49,51.01,9.35,0.71
Seq_1037,26.58,13.36,52.96,6.78,0.33
Seq_1038,27.92,11.64,53.53,6.71,0.2
Seq_1039,27.8,13.17,50.73,7.32,0.98
Seq_1040,26.8,13.4,52.94,6.86,0.0
Seq_1041,25.52,9.9,56.25,8.33,0.0
Seq_1042,25.16,13.39,53.18,8.12,0.15
Seq_1043,24.68,14.66,53.06,6.86,0.74
Seq_1044,24.82,14.37,51.23,8.72,0.86
Seq_1045,25.82,13.29,51.77,8.48,0.63
Seq_1046,28.04,12.55,51.29,7.01,1.11
Seq_1047,28.16,12.55,52.42,6.04,0.84
Seq_1048,27.1,13.72,50.96,8.23,0.0
Seq_1049,25.58,13.83,51.65,7.96,0.98
Seq_1050,26.51,12.87,53.12,7.28,0.22
Seq_1051,26.02,13.01,52.6,8.3,0.07
Seq_1052,26.13,12.59,53.2,7.45,0.63
Seq_1053,26.82,15.26,51.37,6.26,0.28
Seq_1054,26.05,12.1,54.03,7.58,0.24
Seq_1055,27.4,11.86,51.69,8.19,0.85
Seq_1056,25.44,12.24,54.31,7.75,0.26
Seq_1057,25.97,12.56,54.58,6.61,0.28
Seq_1058,26.28,13.25,51.11,8.46,0.89
Seq_1059,27.32,12.45,52.83,6.53,0.87
Seq_1060,26.18,12.35,53.22,8.16,0.08
Seq_1061,26.35,12.87,52.8,7.1,0.89
Seq_1062,26.08,13.71,53.49,6.45,0.27
Seq_1063,25.88,13.02,51.15,9.49,0.46
Seq_1064,25.58,14.97,50.2,8.16,1.09
Seq_1065,25.8,11.79,54.01,8.41,0.0
Seq_1066,25.62,11.88,54.58,7.92,0.0
Seq_1067,26.26,14.19,51.84,6.82,0.89
Seq_1068,25.62,10.0,56.88,7.5,0.0
Seq_1069,28.59,9.88,53.13,8.4,0.0
Seq_1070,28.36,9.95,55.47,5.72,0.5
Seq_1071,29.45,13.19,49.23,8.13,0.0
Seq_1072,25.33,13.46,53.59,7.3,0.32
Seq_1073,25.59,13.02,52.61,7.97,0.8
Seq_1074,26.6,12.53,53.61,7.15,0.12
Seq_1075,26.54,12.29,52.51,8.38,0.28
Seq_1076,26.01,10.02,55.85,8.11,0.0
Seq_1077,25.88,13.12,52.61,7.53,0.85
Seq_1078,26.74,12.58,51.69,8.54,0.45
Seq_1079,27.83,12.61,50.43,8.26,0.87
Seq_1080,25.51,11.87,56.31,6.31,0.0
Seq_1081,25.71,13.8,51.7,8.22,0.57
Seq_1082,27.0,12.94,52.58,6.77,0.71
Seq_1083,26.21,13.33,52.8,6.82,0.84
Seq_1084,24.37,12.98,53.64,8.08,0.93
Seq_1085,24.28,11.39,54.82,9.51,0.0
Seq_1086,29.19,9.14,54.57,7.11,0.0
Seq_1087,25.68,12.57,53.52,7.69,0.54
Seq_1088,26.15,8.48,55.12,10.25,0.0
Seq_1089,26.67,11.93,53.19,7.48,0.74
Seq_1090,26.45,13.01,50.82,8.85,0.87
Seq_1091,25.53,13.56,52.11,8.19,0.62
Seq_1092,25.52,13.61,51.15,8.75,0.97
Seq_1093,27.34,12.38,52.71,6.71,0.86
Seq_1094,26.24,12.27,53.81,7.56,0.12
Seq_1095,26.22,12.97,52.67,7.34,0.8
Seq_1096,25.83,12.07,54.47,7.57,0.07
Seq_1097,31.15,8.52,52.46,7.87,0.0
Seq_1098,26.2,12.51,53.59,7.58,0.11
Seq_1099,27.39,13.15,53.06,5.95,0.45
Seq_1100,25.53,12.74,53.83,7.78,0.12
Seq_1101,26.59,14.13,51.81,6.79,0.68
Seq_1102,25.13,15.0,50.77,8.46,0.64
Seq_1103,26.6,10.11,52.13,11.17,0.0
Seq_1104,25.11,12.86,54.11,7.92,0.0
Seq_1105,25.6,12.18,52.89,8.79,0.54
Seq_1106,26.67,13.03,52.48,7.07,0.74
Seq_1107,29.23,8.21,53.85,8.72,0.0
Seq_1108,26.13,13.4,50.79,8.78,0.9
Seq_1109,25.86,12.26,54.11,7.47,0.3
Seq_1110,26.61,12.51,52.93,7.85,0.11
Seq_1111,26.46,12.4,54.32,6.76,0.06
Seq_1112,25.75,11.88,53.7,8.09,0.58
Seq_1113,27.16,12.61,52.38,7.57,0.29
Seq_1114,25.02,12.18,54.02,8.62,0.17
Seq_1115,26.16,13.43,52.22,7.31,0.89
Seq_1116,26.0,12.05,53.67,8.05,0.24
Seq_1117,25.55,11.05,54.27,8.55,0.58
Seq_1118,28.29,11.48,52.08,7.82,0.33
Seq_1119,25.84,12.92,53.67,7.13,0.45
Seq_1120,26.87,13.3,52.16,7.58,0.09
Seq_1121,25.96,13.12,52.97,7.47,0.48
Seq_1122,25.92,11.54,53.3,8.79,0.46
Seq_1123,25.9,13.12,51.88,8.31,0.79
Seq_1124,26.5,11.86,53.45,7.87,0.32
Seq_1125,25.95,13.62,51.78,7.46,1.19
Seq_1126,25.84,12.14,53.97,8.05,0.0
Seq_1127,25.87,12.13,53.34,7.67,0.99
Seq_1128,26.48,12.11,52.39,8.45,0.56
Seq_1129,25.32,12.72,53.21,7.58,1.17
Seq_1130,22.37,15.11,52.01,10.52,0.0
Seq_1131,25.98,12.23,53.89,7.67,0.23
Seq_1132,26.4,12.66,53.57,6.52,0.85
Seq_1133,25.48,12.3,53.25,8.65,0.32
Seq_1134,26.92,10.49,55.94,6.64,0.0
Seq_1135,24.44,12.22,52.53,9.99,0.82
Seq_1136,25.18,12.72,54.03,7.97,0.09
Seq_1137,25.89,11.54,54.29,8.06,0.23
Seq_1138,26.57,13.23,50.72,8.6,0.88
Seq_1139,26.67,14.17,51.85,6.76,0.56
Seq_1140,26.4,9.39,55.33,8.88,0.0
Seq_1141,25.11,14.03,54.0,6.87,0.0
Seq_1142,28.04,9.35,53.27,9.35,0.0
Seq_1143,27.02,13.21,52.66,6.61,0.49
Seq_1144,25.84,14.38,51.69,7.87,0.22
Seq_1145,26.03,13.17,52.13,7.98,0.7
Seq_1146,25.7,13.51,52.06,8.16,0.56
Seq_1147,27.27,9.09,52.27,11.36,0.0
Seq_1148,26.54,13.11,51.1,8.37,0.88
Seq_1149,26.61,12.89,51.04,8.63,0.83
Seq_1150,25.75,13.08,53.37,7.4,0.4
Seq_1151,25.23,12.66,54.11,7.53,0.47
Seq_1152,28.57,9.52,54.76,7.14,0.0
Seq_1153,25.46,12.27,53.64,8.38,0.25
Seq_1154,27.02,13.16,52.69,6.96,0.18
Seq_1155,25.19,13.13,53.01,7.76,0.9
Seq_1156,26.44,13.52,51.99,7.24,0.81
Seq_1157,26.29,12.95,52.57,7.74,0.45
Seq_1158,27.63,11.89,53.25,6.77,0.46
Seq_1159,25.96,13.62,52.83,6.86,0.73
Seq_1160,25.56,18.8,49.62,6.02,0.0
Seq_1161,24.32,11.28,54.21,9.38,0.82
Seq_1162,26.18,12.29,53.71,7.71,0.12
Seq_1163,31.95,8.31,51.44,8.31,0.0
Seq_1164,26.2,12.05,53.92,7.84,0.0
Seq_1165,25.86,13.5,52.46,7.38,0.8
Seq_1166,27.02,13.18,51.51,7.53,0.75
Seq_1167,27.24,12.04,52.6,7.34,0.77
Seq_1168,26.25,12.69,51.84,8.35,0.87
Seq_1169,26.02,12.92,52.61,7.75,0.69
Seq_1170,26.32,13.35,52.14,7.31,0.88
Seq_1171,25.29,14.71,52.65,7.35,0.0
Seq_1172,26.33,13.24,52.37,7.91,0.14
Seq_1173,25.82,12.26,53.34,8.34,0.25
Seq_1174,26.51,13.09,52.81,7.31,0.27
Seq_1175,26.2,13.5,52.46,7.71,0.13
Seq_1176,28.9,10.98,51.45,6.94,1.73
Seq_1177,26.13,12.55,53.02,8.24,0.06
Seq_1178,29.28,8.93,54.84,6.95,0.0
Seq_1179,25.1,9.72,56.28,8.5,0.4
Seq_1180,24.55,11.91,54.27,8.75,0.53
Seq_1181,26.58,12.61,51.58,8.56,0.68
Seq_1182,27.16,13.11,51.69,7.98,0.05
Seq_1183,26.59,12.4,53.89,7.01,0.11
Seq_1184,27.93,13.8,51.04,7.22,0.0
Seq_1185,26.4,9.25,53.95,10.21,0.19
Seq_1186,25.96,12.63,53.75,7.5,0.15
Seq_1187,27.07,11.57,50.44,10.92,0.0
Seq_1188,25.64,14.05,51.77,7.96,0.59
Seq_1189,26.03,13.35,52.14,7.72,0.76
Seq_1190,26.42,9.66,55.68,8.24,0.0
Seq_1191,25.91,13.64,52.83,7.08,0.53
Seq_1192,25.49,13.79,51.33,8.46,0.93
Seq_1193,25.4,13.69,52.79,7.81,0.31
Seq_1194,25.99,13.88,51.99,7.51,0.63
Seq_1195,26.4,14.34,52.45,5.97,0.84
Seq_1196,25.59,13.99,52.38,7.31,0.73
Seq_1197,26.15,12.94,52.84,7.81,0.27
Seq_1198,26.05,14.5,51.03,7.61,0.81
Seq_1199,26.98,13.55,52.01,6.66,0.8
Seq_1200,25.24,12.5,54.88,7.02,0.36
Seq_1201,25.44,14.29,52.44,7.83,0.0
Seq_1202,26.21,12.2,53.28,8.19,0.11
Seq_1203,25.58,12.88,50.77,9.62,1.15
Seq_1204,26.96,11.86,54.01,6.74,0.43
Seq_1205,26.88,13.55,51.74,7.28,0.56
Seq_1206,27.88,12.58,52.6,6.41,0.53
Seq_1207,26.08,12.27,53.56,8.09,0.0
Seq_1208,26.92,12.59,53.12,6.35,1.02
Seq_1209,26.12,13.9,52.05,7.18,0.75
Seq_1210,26.32,12.85,53.59,6.85,0.39
Seq_1211,25.72,13.03,54.15,6.77,0.34
Seq_1212,26.77,12.09,54.05,6.59,0.5
Seq_1213,27.32,11.98,53.64,6.13,0.93
Seq_1214,30.43,11.3,51.3,5.22,1.74
Seq_1215,24.81,9.3,56.2,9.69,0.0
Seq_1216,25.29,9.34,56.03,9.34,0.0
Seq_1217,27.27,12.07,53.41,7.24,0.0
Seq_1218,27.91,11.8,54.49,5.75,0.06
Seq_1219,26.22,11.84,54.01,7.83,0.1
Seq_1220,25.79,12.23,53.03,8.23,0.73
Seq_1221,26.75,13.07,51.87,8.0,0.3
Seq_1222,25.49,12.51,52.75,8.78,0.47
Seq_1223,24.73,10.95,54.59,9.19,0.54
Seq_1224,28.26,11.76,52.22,7.6,0.14
Seq_1225,26.7,13.74,51.45,7.4,0.7
Seq_1226,24.48,9.96,55.6,9.96,0.0
Seq_1227,26.54,12.63,53.64,6.45,0.74
Seq_1228,27.42,13.46,52.05,6.81,0.25
Seq_1229,26.16,12.45,51.79,8.65,0.95
Seq_1230,26.12,15.92,48.16,9.8,0.0
Seq_1231,24.92,11.28,53.71,9.88,0.21
Seq_1232,25.75,14.04,52.15,7.41,0.65
Seq_1233,25.93,12.47,53.64,7.91,0.05
Seq_1234,24.89,10.13,56.12,8.86,0.0
Seq_1235,25.98,12.46,53.25,7.55,0.76
Seq_1236,26.6,13.34,51.5,7.87,0.68
Seq_1237,26.28,12.83,54.68,5.87,0.34
Seq_1238,25.0,10.48,55.08,9.23,0.21
Seq_1239,24.71,10.59,54.51,9.54,0.65
Seq_1240,25.03,11.26,53.33,10.16,0.22
Seq_1241,25.86,13.92,51.63,7.8,0.79
Seq_1242,25.18,11.83,54.12,8.47,0.4
Seq_1243,26.0,11.63,54.21,7.84,0.33
Seq_1244,24.56,12.28,52.98,9.47,0.7
Seq_1245,26.12,12.24,53.8,7.76,0.08
Seq_1246,26.51,12.78,52.79,7.81,0.11
Seq_1247,27.23,13.06,52.71,6.29,0.72
Seq_1248,24.56,13.24,54.7,6.97,0.52
Seq_1249,26.24,12.75,52.99,7.17,0.85
Seq_1250,26.27,11.98,53.78,7.85,0.12
Seq_1251,26.01,9.16,54.58,10.26,0.0
Seq_1252,26.55,13.13,51.7,7.89,0.74
Seq_1253,25.39,11.55,53.59,9.16,0.31
Seq_1254,25.5,11.89,54.44,8.17,0.0
Seq_1255,27.72,12.11,53.42,6.32,0.44
Seq_1256,25.0,11.15,53.25,10.39,0.22
Seq_1257,26.13,11.8,53.21,8.71,0.16
Seq_1258,23.6,10.67,53.37,11.8,0.56
Seq_1259,24.94,11.32,53.81,9.7,0.23
Seq_1260,28.08,13.3,51.23,6.9,0.49
Seq_1261,25.66,12.29,52.69,9.09,0.29
Seq_1262,30.3,9.47,52.27,7.95,0.0
Seq_1263,26.38,12.69,52.65,8.28,0.0
Seq_1264,25.95,11.37,53.66,8.42,0.59
Seq_1265,24.97,14.09,53.96,6.98,0.0
Seq_1266,25.51,11.86,53.9,8.47,0.25
Seq_1267,26.24,12.89,52.72,7.3,0.85
Seq_1268,25.53,12.71,53.09,7.54,1.12
Seq_1269,27.34,13.56,51.99,6.89,0.22
Seq_1270,25.25,12.31,54.5,7.38,0.56
Seq_1271,26.43,12.37,53.15,7.88,0.17
Seq_1272,26.96,12.21,53.09,7.51,0.22
Seq_1273,26.47,14.8,50.98,6.82,0.92
Seq_1274,24.36,11.86,54.64,9.02,0.13
Seq_1275,24.59,11.42,54.56,9.11,0.33
Seq_1276,26.28,12.03,53.52,7.95,0.23
Seq_1277,25.54,10.39,55.41,8.66,0.0
Seq_1278,25.09,13.65,52.52,8.0,0.74
Seq_1279,24.8,13.49,53.81,7.49,0.41
Seq_1280,26.55,10.98,53.83,8.15,0.48
Seq_1281,26.7,12.32,52.61,7.95,0.42
Seq_1282,25.34,12.07,53.28,8.28,1.03
Seq_1283,26.74,13.48,51.82,6.96,0.99
Seq_1284,26.42,13.63,52.19,7.19,0.56
Seq_1285,30.61,8.16,51.02,10.2,0.0
Seq_1286,25.93,12.91,52.49,7.94,0.74
Seq_1287,26.63,11.76,53.97,7.44,0.2
Seq_1288,25.61,13.33,50.35,9.65,1.05
Seq_1289,25.58,13.12,53.89,6.82,0.59
Seq_1290,25.83,12.21,54.12,7.73,0.11
Seq_1291,26.25,11.58,53.7,8.37,0.11
Seq_1292,25.32,12.51,53.66,8.15,0.35
Seq_1293,25.35,10.31,54.6,9.75,0.0
Seq_1294,26.12,12.25,53.62,7.88,0.12
Seq_1295,26.62,13.09,50.94,8.47,0.88
Seq_1296,26.65,13.58,52.34,7.3,0.13
Seq_1297,25.09,13.47,52.78,7.79,0.87
Seq_1298,26.34,11.92,53.62,7.94,0.18
Seq_1299,25.78,12.58,53.95,7.59,0.1
Seq_1300,25.66,13.36,53.34,7.12,0.53
Seq_1301,26.86,14.04,52.19,6.92,0.0
Seq_1302,26.48,13.08,50.77,8.79,0.88
Seq_1303,25.72,12.48,53.37,8.38,0.06
Seq_1304,26.42,14.02,50.98,7.76,0.81
Seq_1305,26.64,12.1,51.88,9.01,0.38
Seq_1306,26.16,11.67,53.78,8.33,0.06
Seq_1307,27.61,13.0,52.3,6.92,0.17
Seq_1308,26.48,12.84,52.8,7.41,0.47
Seq_1309,26.21,12.72,51.86,8.33,0.88
Seq_1310,25.17,11.9,54.08,8.84,0.0
Seq_1311,30.43,11.3,51.3,5.22,1.74
Seq_1312,26.74,12.51,51.56,8.38,0.81
Seq_1313,31.11,9.63,54.07,5.19,0.0
Seq_1314,26.62,11.91,54.12,7.35,0.0
Seq_1315,27.54,9.18,56.04,7.25,0.0
Seq_1316,26.69,12.5,51.69,8.26,0.85
Seq_1317,26.08,11.89,54.56,7.37,0.09
Seq_1318,26.5,12.25,54.32,6.75,0.17
Seq_1319,25.68,13.26,52.61,7.52,0.94
Seq_1320,26.28,12.04,53.57,7.99,0.11
Seq_1321,26.17,13.29,51.59,8.28,0.67
Seq_1322,25.33,12.5,53.94,7.89,0.33
Seq_1323,26.18,12.43,51.96,8.64,0.79
Seq_1324,27.68,13.26,51.94,6.4,0.72
Seq_1325,26.97,12.08,53.65,7.3,0.0
Seq_1326,26.14,13.78,51.24,8.06,0.78
Seq_1327,26.79,11.1,53.49,8.13,0.48
Seq_1328,24.82,11.23,54.58,9.17,0.21
Seq_1329,25.15,14.97,50.9,8.08,0.9
Seq_1330,25.83,12.28,51.66,9.21,1.02
Seq_1331,26.43,13.69,52.17,7.45,0.26
Seq_1332,25.26,13.72,51.67,8.59,0.77
Seq_1333,26.58,13.37,53.05,6.74,0.27
Seq_1334,26.17,12.3,52.03,8.55,0.94
Seq_1335,26.21,13.33,51.53,8.02,0.9
Seq_1336,27.14,13.75,51.77,6.51,0.84
Seq_1337,26.59,12.83,51.13,8.62,0.82
Seq_1338,25.8,11.78,54.28,7.82,0.32
Seq_1339,24.79,13.71,53.56,7.43,0.51
Seq_1340,28.53,11.91,49.86,8.86,0.83
Seq_1341,25.53,11.61,54.22,8.16,0.48
Seq_1342,26.64,12.58,53.19,7.22,0.37
Seq_1343,26.46,12.5,52.26,7.71,1.06
Seq_1344,28.97,12.88,51.46,6.26,0.44
Seq_1345,27.59,11.86,52.92,6.97,0.66
Seq_1346,25.92,12.28,52.91,8.69,0.2
Seq_1347,27.2,11.92,53.68,6.48,0.72
Seq_1348,25.54,13.15,53.5,7.7,0.11
Seq_1349,25.4,15.08,53.09,6.35,0.09
Seq_1350,26.42,12.75,53.51,6.87,0.45
Seq_1351,25.14,13.0,53.29,7.78,0.79
Seq_1352,26.3,12.07,53.9,7.51,0.22
Seq_1353,27.93,13.56,51.8,6.52,0.2
Seq_1354,26.66,11.84,53.61,7.3,0.6
Seq_1355,25.87,12.15,52.68,8.36,0.95
Seq_1356,26.31,11.71,53.95,7.36,0.66
Seq_1357,26.43,12.01,53.25,7.99,0.32
Seq_1358,26.14,12.8,52.06,8.13,0.87
Seq_1359,25.82,10.48,53.6,9.73,0.37
Seq_1360,25.6,13.96,52.36,7.24,0.84
Seq_1361,25.94,14.04,51.45,7.72,0.86
Seq_1362,27.6,13.8,52.46,6.05,0.09
Seq_1363,25.84,13.24,52.42,7.88,0.63
Seq_1364,25.51,13.39,52.06,8.01,1.03
Seq_1365,25.03,14.18,53.9,6.9,0.0
Seq_1366,25.37,12.28,53.17,8.23,0.94
Seq_1367,25.65,13.31,52.38,7.79,0.87
Seq_1368,26.57,12.33,54.65,6.07,0.38
Seq_1369,27.51,12.52,52.61,7.3,0.06
Seq_1370,31.18,8.6,51.97,8.24,0.0
Seq_1371,26.41,12.77,52.89,7.72,0.22
Seq_1372,27.7,12.94,52.09,6.95,0.32
Seq_1373,27.14,13.15,53.02,5.86,0.84
Seq_1374,26.0,13.62,50.76,8.8,0.83
Seq_1375,26.34,9.16,54.96,9.54,0.0
Seq_1376,26.05,12.41,53.93,7.34,0.26
Seq_1377,25.48,12.28,53.23,8.37,0.64
Seq_1378,29.14,8.89,54.57,7.41,0.0
Seq_1379,26.04,12.56,51.04,9.33,1.04
Seq_1380,25.7,13.89,51.85,7.79,0.78
Seq_1381,25.92,14.26,51.65,7.38,0.8
Seq_1382,26.22,13.22,51.0,8.67,0.89
Seq_1383,25.15,12.54,53.71,8.53,0.07
Seq_1384,27.31,11.39,50.49,10.81,0.0
Seq_1385,26.6,12.26,54.72,6.04,0.38
Seq_1386,26.14,12.8,53.58,7.32,0.16
Seq_1387,26.1,12.77,52.74,7.92,0.47
Seq_1388,25.59,13.33,52.36,7.78,0.94
Seq_1389,26.89,11.06,53.09,8.47,0.5
Seq_1390,25.59,11.13,54.14,8.47,0.67
Seq_1391,26.96,12.67,52.21,7.48,0.68
Seq_1392,25.24,12.3,55.21,7.26,0.0
Seq_1393,26.63,12.9,51.08,8.57,0.83
Seq_1394,25.11,14.6,51.65,7.75,0.89
Seq_1395,23.63,12.64,51.65,12.09,0.0
Seq_1396,25.56,13.13,51.41,8.99,0.91
Seq_1397,25.55,13.14,53.14,7.71,0.45
Seq_1398,26.49,12.89,51.34,8.45,0.82
Seq_1399,26.21,13.45,51.64,7.8,0.9
Seq_1400,25.96,12.33,53.52,7.43,0.77
Seq_1401,24.37,13.26,52.69,8.96,0.72
Seq_1402,26.22,12.86,53.17,7.52,0.22
Seq_1403,27.95,11.89,53.26,6.38,0.51
Seq_1404,28.08,12.4,51.79,6.85,0.89
Seq_1405,26.0,11.58,53.25,8.5,0.67
Seq_1406,29.63,11.48,51.11,6.67,1.11
Seq_1407,26.32,12.14,53.15,7.95,0.45
Seq_1408,26.49,13.21,51.98,7.63,0.69
Seq_1409,26.14,12.71,52.86,7.83,0.46
Seq_1410,25.82,12.56,54.16,7.11,0.35
Seq_1411,26.35,12.76,52.83,7.58,0.48
Seq_1412,25.92,11.31,53.62,9.15,0.0
Seq_1413,26.06,13.59,51.37,8.24,0.74
Seq_1414,26.13,13.64,51.35,8.11,0.77
Seq_1415,25.73,12.14,54.05,8.09,0.0
Seq_1416,26.45,12.0,53.29,7.94,0.32
Seq_1417,26.08,9.87,55.44,8.61,0.0
Seq_1418,26.7,11.89,53.41,8.0,0.0
Seq_1419,27.27,10.0,54.55,8.18,0.0
Seq_1420,26.33,12.7,52.01,8.12,0.84
Seq_1421,26.15,12.03,53.41,8.15,0.25
Seq_1422,26.52,11.3,50.87,10.0,1.3
Seq_1423,26.66,11.51,53.27,8.45,0.1
Seq_1424,24.73,13.82,51.64,9.09,0.73
Seq_1425,26.58,13.11,52.65,7.07,0.59
Seq_1426,27.04,12.16,54.26,5.99,0.54
Seq_1427,24.62,12.37,52.41,9.42,1.18
Seq_1428,25.9,12.84,52.01,8.38,0.87
Seq_1429,25.47,13.03,53.22,8.21,0.07
Seq_1430,26.22,13.22,50.89,8.78,0.89
Seq_1431,27.39,11.97,53.49,6.63,0.52
Seq_1432,26.51,13.03,50.93,8.65,0.88
Seq_1433,26.05,13.99,52.01,7.8,0.16
Seq_1434,26.54,14.11,51.4,7.4,0.56
Seq_1435,28.06,12.78,51.67,7.5,0.0
Seq_1436,26.04,14.09,51.65,7.36,0.85
Seq_1437,25.53,11.19,54.02,8.7,0.57
Seq_1438,25.6,11.43,54.03,8.62,0.32
Seq_1439,26.78,12.38,52.85,7.2,0.79
Seq_1440,25.35,9.86,57.75,7.04,0.0
Seq_1441,24.58,14.0,53.18,7.7,0.54
Seq_1442,26.19,11.35,53.75,8.28,0.43
Seq_1443,25.64,12.79,53.49,7.73,0.35
Seq_1444,25.9,12.47,53.48,7.91,0.24
Seq_1445,24.44,12.09,54.27,8.02,1.18
Seq_1446,26.72,12.36,51.72,8.33,0.86
Seq_1447,26.18,13.26,53.06,7.15,0.34
Seq_1448,27.19,11.95,53.54,6.73,0.59
Seq_1449,25.86,13.62,51.9,8.06,0.56
Seq_1450,25.28,14.34,53.58,6.79,0.0
Seq_1451,24.48,9.96,55.6,9.96,0.0
Seq_1452,26.2,10.08,55.16,8.56,0.0
Seq_1453,29.06,13.3,49.75,7.88,0.0
Seq_1454,26.01,13.49,52.36,7.09,1.05
Seq_1455,25.5,13.98,52.17,7.29,1.06
Seq_1456,26.18,12.58,53.38,7.59,0.28
Seq_1457,25.37,13.06,53.19,8.38,0.0
Seq_1458,25.67,15.13,51.35,6.84,1.01
Seq_1459,25.59,13.5,51.83,8.53,0.56
Seq_1460,26.12,13.42,53.39,6.64,0.43
Seq_1461,27.45,12.16,50.98,9.02,0.39
Seq_1462,26.06,13.66,52.06,7.74,0.48
Seq_1463,24.8,12.5,53.25,8.43,1.02
Seq_1464,26.82,12.13,53.16,7.79,0.1
Seq_1465,25.63,10.39,55.2,8.78,0.0
Seq_1466,26.03,12.34,52.89,7.9,0.84
Seq_1467,26.59,11.22,53.85,8.09,0.24
Seq_1468,28.46,12.07,53.43,5.74,0.3
Seq_1469,26.07,14.04,51.19,8.02,0.67
Seq_1470,26.04,9.43,55.47,9.06,0.0
Seq_1471,26.52,11.72,53.26,8.34,0.16
Seq_1472,25.61,12.28,52.63,8.77,0.7
Seq_1473,25.81,12.61,52.4,9.01,0.17
Seq_1474,25.69,12.18,54.42,7.41,0.3
Seq_1475,26.48,12.11,52.39,8.45,0.56
Seq_1476,25.81,13.18,54.08,6.7,0.22
Seq_1477,26.79,11.83,51.45,9.26,0.67
Seq_1478,26.53,11.75,53.11,8.39,0.22
Seq_1479,26.55,13.12,51.03,8.47,0.83
Seq_1480,26.23,13.28,51.71,7.92,0.86
Seq_1481,25.22,12.09,54.21,8.37,0.1
Seq_1482,26.27,14.31,50.89,7.84,0.69
Seq_1483,26.07,13.2,52.26,7.7,0.77
Seq_1484,26.63,12.53,53.83,6.27,0.74
Seq_1485,26.46,12.54,53.26,7.57,0.17
Seq_1486,26.29,13.41,53.18,6.84,0.27
Seq_1487,25.1,12.74,54.0,8.0,0.16
Seq_1488,29.5,9.58,52.11,8.81,0.0
Seq_1489,24.96,13.26,53.31,7.67,0.81
Seq_1490,26.89,12.13,51.48,8.52,0.98
Seq_1491,25.7,14.18,52.09,7.33,0.7
Seq_1492,26.22,12.68,53.04,7.9,0.16
Seq_1493,26.41,12.99,52.99,7.45,0.16
Seq_1494,25.8,11.69,54.0,7.82,0.69
Seq_1495,26.37,12.03,53.44,7.85,0.32
Seq_1496,26.22,12.27,53.95,7.44,0.12
Seq_1497,26.72,13.28,52.93,6.84,0.23
Seq_1498,27.09,11.73,54.75,6.15,0.28
Seq_1499,26.72,13.39,51.98,7.67,0.24
Seq_1500,25.56,12.13,53.0,8.6,0.71
Seq_1501,24.61,10.79,54.21,9.74,0.66
Seq_1502,27.39,12.86,51.04,8.3,0.41
Seq_1503,29.87,7.79,52.6,9.74,0.0
Seq_1504,26.46,11.72,53.35,8.34,0.13
Seq_1505,26.39,13.82,50.74,8.04,1.02
Seq_1506,29.02,11.49,51.15,8.33,0.0
Seq_1507,25.98,11.12,53.69,8.72,0.48
Seq_1508,25.58,12.82,52.95,7.87,0.79
Seq_1509,25.81,11.41,52.11,9.68,0.99
Seq_1510,26.82,12.55,54.12,5.75,0.77
Seq_1511,26.29,11.68,53.72,8.17,0.14
Seq_1512,26.62,12.54,52.46,7.82,0.56
Seq_1513,26.14,12.72,52.75,7.61,0.78
Seq_1514,27.14,12.49,52.3,7.42,0.66
Seq_1515,26.38,13.01,53.0,7.19,0.42
Seq_1516,25.58,13.94,52.07,7.49,0.92
Seq_1517,25.26,11.49,54.04,8.74,0.47
Seq_1518,27.27,12.89,52.69,6.35,0.79
Seq_1519,26.05,12.57,54.04,7.28,0.06
Seq_1520,25.32,13.18,53.75,7.75,0.0
Seq_1521,25.17,10.92,54.73,8.66,0.53
Seq_1522,26.07,12.98,51.85,8.71,0.4
Seq_1523,26.05,11.74,53.49,8.47,0.25
Seq_1524,25.77,13.61,52.37,7.01,1.24
Seq_1525,24.89,13.42,53.54,7.65,0.5
Seq_1526,26.0,12.12,54.33,7.46,0.09
Seq_1527,26.29,12.75,51.97,7.86,1.14
Seq_1528,24.76,11.22,54.58,8.89,0.55
Seq_1529,27.51,13.13,51.46,7.72,0.18
Seq_1530,26.23,11.04,54.72,7.94,0.08
Seq_1531,26.11,13.61,52.02,7.26,1.01
Seq_1532,25.89,11.94,53.8,8.06,0.31
Seq_1533,26.73,13.71,51.85,6.61,1.1
Seq_1534,26.06,12.8,54.63,6.29,0.23
Seq_1535,26.86,12.87,53.01,7.05,0.2
Seq_1536,26.7,11.65,51.21,9.47,0.97
Seq_1537,27.04,12.42,53.34,7.05,0.15
Seq_1538,27.32,11.51,53.07,7.9,0.2
Seq_1539,26.83,13.37,51.94,7.14,0.72
Seq_1540,25.34,14.17,53.68,6.81,0.0
Seq_1541,31.67,8.67,51.0,8.67,0.0
Seq_1542,26.72,12.6,52.93,7.25,0.5
Seq_1543,26.33,14.95,50.53,7.83,0.36
Seq_1544,25.92,11.96,53.53,7.87,0.72
Seq_1545,25.07,11.43,53.72,9.09,0.69
Seq_1546,25.18,13.97,52.49,7.47,0.89
Seq_1547,25.29,11.82,54.27,8.37,0.25
Seq_1548,25.31,12.71,53.23,8.03,0.72
Seq_1549,25.98,13.15,52.97,7.59,0.31
Seq_1550,27.04,12.41,53.05,7.21,0.3
Seq_1551,26.77,13.0,52.32,7.14,0.77
Seq_1552,30.58,9.22,51.46,8.25,0.49
Seq_1553,26.32,13.42,51.68,8.58,0.0
Seq_1554,26.34,12.8,53.18,7.51,0.17
Seq_1555,25.0,9.38,56.25,9.38,0.0
Seq_1556,26.75,11.9,53.4,7.62,0.33
Seq_1557,26.18,12.95,53.22,6.96,0.69
Seq_1558,26.65,11.81,54.43,6.68,0.43
Seq_1559,26.71,11.59,53.95,7.52,0.23
Seq_1560,24.84,14.3,52.15,7.74,0.97
Seq_1561,27.88,9.29,54.28,8.55,0.0
Seq_1562,27.03,11.92,52.03,8.72,0.29
Seq_1563,25.89,11.93,51.27,9.9,1.02
Seq_1564,26.21,11.14,55.68,6.64,0.34
Seq_1565,25.59,12.83,53.08,8.44,0.07
Seq_1566,24.66,10.78,54.58,9.3,0.67
Seq_1567,25.66,12.73,53.43,7.62,0.56
Seq_1568,25.98,9.45,55.12,9.45,0.0
Seq_1569,25.99,12.54,53.68,7.72,0.07
Seq_1570,25.51,12.76,54.25,7.14,0.34
Seq_1571,27.76,13.67,51.66,6.91,0.0
Seq_1572,25.47,12.67,53.22,7.57,1.07
Seq_1573,26.09,12.2,53.74,7.85,0.12
Seq_1574,26.4,13.75,51.3,7.63,0.92
Seq_1575,24.87,13.85,50.64,9.36,1.28
Seq_1576,25.93,11.84,53.89,8.34,0.0
Seq_1577,26.25,12.05,54.53,7.16,0.0
Seq_1578,25.53,13.6,51.95,7.8,1.11
Seq_1579,25.71,13.72,52.03,7.72,0.81
Seq_1580,26.56,12.08,53.06,8.2,0.11
Seq_1581,26.78,12.97,51.83,7.64,0.77
Seq_1582,26.74,12.65,53.28,6.37,0.95
Seq_1583,26.67,12.76,52.99,6.87,0.71
Seq_1584,26.15,13.71,52.3,6.95,0.88
Seq_1585,25.47,11.26,54.02,8.58,0.67
Seq_1586,25.62,12.3,53.85,8.07,0.16
Seq_1587,26.16,12.96,52.24,7.95,0.69
Seq_1588,24.89,10.13,56.12,8.86,0.0
Seq_1589,26.54,13.39,53.32,6.4,0.35
Seq_1590,24.51,9.34,55.64,10.51,0.0
Seq_1591,27.94,11.49,52.22,8.36,0.0
Seq_1592,26.29,11.62,53.23,8.61,0.25
Seq_1593,24.29,14.09,53.19,7.9,0.53
Seq_1594,26.05,11.15,53.48,8.47,0.86
Seq_1595,25.33,15.76,52.83,6.09,0.0
Seq_1596,31.85,8.6,51.27,8.28,0.0
Seq_1597,26.79,12.05,54.0,6.49,0.67
Seq_1598,25.98,14.57,51.85,7.39,0.21
Seq_1599,26.21,13.31,52.52,7.26,0.71
Seq_1600,26.05,12.94,52.96,7.98,0.06
Seq_1601,27.02,12.59,53.12,6.71,0.55
Seq_1602,25.55,12.49,54.61,7.0,0.35
Seq_1603,26.38,13.5,51.84,7.67,0.61
Seq_1604,32.05,8.12,50.43,9.4,0.0
Seq_1605,25.76,13.7,53.39,6.85,0.3
Seq_1606,28.68,9.69,51.94,9.69,0.0
Seq_1607,26.1,11.93,53.96,7.83,0.19
Seq_1608,28.16,16.61,49.1,6.14,0.0
Seq_1609,26.42,10.88,55.18,7.51,0.0
Seq_1610,25.36,13.16,50.96,9.57,0.96
Seq_1611,25.94,12.76,52.48,7.88,0.94
Seq_1612,27.01,12.21,52.96,7.61,0.21
Seq_1613,27.43,12.0,54.0,6.57,0.0
Seq_1614,26.85,13.47,52.71,6.71,0.26
Seq_1615,25.78,13.57,51.86,8.2,0.59
Seq_1616,26.37,11.34,55.04,7.14,0.11
Seq_1617,25.45,14.18,51.94,7.46,0.97
Seq_1618,26.42,10.88,53.89,8.81,0.0
Seq_1619,27.07,12.97,52.54,6.85,0.56
Seq_1620,26.1,13.64,51.3,8.18,0.78
Seq_1621,25.8,12.68,53.5,7.77,0.25
Seq_1622,27.09,11.86,53.54,6.95,0.56
Seq_1623,26.31,13.28,52.15,7.39,0.87
Seq_1624,26.8,10.64,53.22,9.06,0.28
Seq_1625,27.07,12.12,53.29,6.86,0.66
Seq_1626,25.12,14.24,51.54,8.04,1.06
Seq_1627,25.52,12.38,53.42,7.93,0.76
Seq_1628,25.97,13.42,53.7,6.71,0.19
Seq_1629,26.88,12.9,52.88,6.74,0.59
Seq_1630,25.93,12.8,51.97,8.42,0.88
Seq_1631,26.22,13.22,50.89,8.78,0.89
Seq_1632,25.77,13.76,51.38,8.17,0.92
Seq_1633,25.94,11.8,54.33,7.7,0.23
Seq_1634,26.13,13.07,51.88,8.22,0.7
Seq_1635,26.72,12.83,53.56,6.65,0.24
Seq_1636,25.58,12.28,53.61,8.47,0.05
Seq_1637,24.59,10.49,55.74,9.18,0.0
Seq_1638,28.04,13.65,51.11,6.77,0.42
Seq_1639,27.37,12.55,52.86,6.9,0.31
Seq_1640,24.48,15.38,52.45,6.29,1.4
Seq_1641,32.9,7.82,51.14,8.14,0.0
Seq_1642,26.19,12.62,51.64,8.7,0.85
Seq_1643,26.19,13.48,51.48,8.09,0.77
Seq_1644,26.17,13.73,51.3,8.03,0.78
Seq_1645,25.56,13.72,52.74,7.44,0.54
Seq_1646,24.85,12.84,52.2,9.04,1.07
Seq_1647,24.41,13.25,51.71,9.71,0.92
Seq_1648,25.8,14.18,51.98,7.28,0.76
Seq_1649,26.15,11.62,53.5,8.29,0.43
Seq_1650,25.75,11.38,53.56,8.74,0.57
Seq_1651,26.2,13.88,51.23,7.91,0.78
Seq_1652,26.49,11.52,54.03,7.87,0.1
Seq_1653,26.57,12.14,53.07,8.16,0.07
Seq_1654,25.53,12.7,52.25,8.73,0.79
Seq_1655,26.15,13.08,52.08,8.0,0.69
Seq_1656,29.07,11.05,51.74,6.98,1.16
Seq_1657,30.08,11.33,51.17,6.64,0.78
Seq_1658,26.09,12.06,53.14,8.51,0.2
Seq_1659,26.62,12.79,52.72,7.28,0.59
Seq_1660,25.82,13.91,51.3,8.05,0.92
Seq_1661,26.27,13.08,52.36,7.43,0.86
Seq_1662,26.07,13.27,52.13,8.06,0.47
Seq_1663,26.51,13.57,51.41,7.79,0.72
Seq_1664,24.6,13.89,53.24,7.74,0.53
Seq_1665,27.88,13.87,51.18,7.07,0.0
Seq_1666,25.44,13.49,51.01,9.35,0.71
Seq_1667,26.2,12.89,52.81,6.86,1.25
Seq_1668,25.44,16.67,51.75,6.14,0.0
Seq_1669,25.08,13.36,53.09,8.14,0.33
Seq_1670,32.69,7.69,51.92,7.69,0.0
Seq_1671,27.21,13.58,52.01,7.02,0.18
Seq_1672,30.13,9.62,53.56,6.69,0.0
Seq_1673,24.75,11.37,53.85,9.03,1.0
Seq_1674,26.09,12.6,53.13,7.74,0.45
Seq_1675,26.3,14.3,52.22,6.96,0.23
Seq_1676,25.36,13.32,53.69,7.31,0.32
Seq_1677,27.67,11.0,53.0,8.33,0.0
Seq_1678,27.24,12.6,51.63,7.32,1.22
Seq_1679,26.23,12.93,52.46,7.94,0.44
Seq_1680,25.44,12.23,52.23,9.13,0.97
Seq_1681,25.48,13.88,53.19,6.97,0.48
Seq_1682,25.71,13.12,51.95,8.44,0.78
Seq_1683,25.9,12.1,54.49,7.43,0.07
Seq_1684,26.99,12.02,53.65,7.24,0.11
Seq_1685,26.43,11.7,54.47,7.2,0.2
Seq_1686,27.37,13.33,51.43,7.16,0.72
Seq_1687,25.2,12.64,53.74,8.36,0.07
Seq_1688,26.73,13.87,51.45,7.08,0.87
Seq_1689,25.59,12.45,52.35,9.29,0.31
Seq_1690,28.74,11.74,51.42,6.88,1.21
Seq_1691,26.98,11.75,52.06,8.57,0.63
Seq_1692,27.86,9.29,55.11,7.74,0.0
Seq_1693,26.63,12.9,51.29,8.36,0.83
Seq_1694,26.91,12.89,52.63,6.87,0.7
Seq_1695,24.94,14.11,51.64,8.56,0.76
Seq_1696,25.63,12.33,52.66,8.89,0.48
Seq_1697,25.54,12.81,52.64,8.14,0.87
Seq_1698,25.34,14.93,52.94,6.79,0.0
Seq_1699,25.23,11.16,54.45,8.63,0.53
Seq_1700,27.77,15.61,50.38,5.81,0.43
Seq_1701,25.46,14.04,50.93,8.95,0.62
Seq_1702,26.1,12.26,53.33,7.8,0.5
Seq_1703,25.73,13.51,51.94,7.87,0.94
Seq_1704,26.15,13.39,51.4,8.29,0.77
Seq_1705,26.51,12.99,50.94,8.73,0.83
Seq_1706,26.27,12.86,51.68,8.32,0.86
Seq_1707,27.73,12.76,52.8,5.97,0.73
Seq_1708,25.43,11.36,54.75,8.29,0.17
Seq_1709,26.55,9.63,54.11,9.7,0.0
Seq_1710,27.45,12.06,53.2,6.57,0.72
Seq_1711,31.33,8.0,52.0,8.67,0.0
Seq_1712,26.73,12.76,53.46,7.05,0.0
Seq_1713,27.95,12.8,51.85,6.85,0.54
Seq_1714,25.35,12.96,52.54,8.31,0.85
Seq_1715,26.55,13.33,52.05,8.01,0.06
Seq_1716,25.74,13.46,51.96,8.25,0.59
Seq_1717,26.18,12.29,53.25,7.86,0.41
Seq_1718,26.21,12.73,54.18,6.88,0.0
Seq_1719,26.22,13.51,50.96,8.4,0.91
Seq_1720,26.29,12.01,53.37,8.24,0.09
Seq_1721,26.63,12.56,52.82,7.15,0.84
Seq_1722,26.37,13.66,51.16,7.98,0.84
Seq_1723,25.79,13.09,52.72,7.45,0.96
Seq_1724,25.05,13.64,53.03,7.71,0.57
Seq_1725,25.44,13.49,51.01,9.35,0.71
Seq_1726,27.23,12.95,50.89,8.48,0.45
Seq_1727,25.3,12.95,52.23,8.93,0.6
Seq_1728,25.56,13.23,52.03,8.37,0.81
Seq_1729,27.27,13.09,51.79,7.59,0.25
Seq_1730,26.2,13.55,52.41,7.23,0.6
Seq_1731,26.63,12.8,51.32,8.43,0.81
Seq_1732,25.37,11.64,53.98,8.92,0.09
Seq_1733,25.97,13.16,53.69,6.83,0.35
Seq_1734,24.71,12.84,50.58,10.89,0.97
Seq_1735,27.59,12.5,51.72,7.33,0.86
Seq_1736,24.36,11.67,54.87,8.97,0.13
Seq_1737,25.69,11.59,54.5,8.13,0.09
Seq_1738,26.05,12.56,52.74,7.91,0.74
Seq_1739,25.26,13.7,51.82,8.67,0.56
Seq_1740,25.9,13.3,54.03,6.65,0.12
Seq_1741,25.95,13.09,52.52,7.65,0.79
Seq_1742,25.2,12.95,53.95,7.5,0.39
Seq_1743,26.34,12.12,53.99,7.26,0.29
Seq_1744,25.6,14.01,52.24,7.35,0.8
Seq_1745,26.52,13.34,53.21,6.76,0.17
Seq_1746,26.52,12.31,53.38,7.62,0.17
Seq_1747,30.89,9.15,50.11,9.84,0.0
Seq_1748,27.97,11.74,53.72,6.21,0.37
Seq_1749,24.83,12.08,55.7,7.38,0.0
Seq_1750,26.85,12.42,52.58,7.58,0.56
Seq_1751,25.99,12.91,52.5,7.81,0.79
Seq_1752,25.4,13.41,52.75,7.97,0.47
Seq_1753,27.86,13.55,50.77,7.27,0.55
Seq_1754,25.03,14.11,53.94,6.92,0.0
Seq_1755,26.58,13.83,51.01,8.19,0.4
Seq_1756,25.66,12.19,53.57,8.42,0.15
Seq_1757,26.45,13.28,51.23,8.15,0.89
Seq_1758,24.74,14.14,54.26,6.86,0.0
Seq_1759,25.79,12.11,53.03,8.23,0.85
Seq_1760,26.3,13.21,51.05,8.55,0.89
Seq_1761,25.55,13.56,52.35,7.51,1.04
Seq_1762,23.62,13.78,51.97,9.45,1.18
Seq_1763,25.28,14.12,52.62,7.06,0.91
Seq_1764,26.19,12.15,54.46,7.2,0.0
Seq_1765,26.52,14.54,50.93,7.31,0.7
Seq_1766,25.87,11.19,55.24,7.23,0.47
Seq_1767,24.51,14.05,51.27,8.67,1.49
Seq_1768,27.05,12.05,53.41,7.05,0.45
Seq_1769,26.67,13.79,52.19,6.94,0.41
Seq_1770,24.67,14.8,52.3,8.22,0.0
Seq_1771,26.12,10.49,54.69,8.48,0.22
Seq_1772,27.16,12.11,54.33,5.88,0.52
Seq_1773,26.73,12.15,53.29,7.68,0.17
Seq_1774,26.55,12.15,53.66,7.16,0.48
Seq_1775,26.58,12.73,52.75,7.03,0.92
Seq_1776,26.86,13.14,51.39,7.74,0.88
Seq_1777,27.52,10.63,54.22,7.63,0.0
Seq_1778,26.71,13.13,52.96,6.9,0.3
Seq_1779,24.87,12.18,54.82,8.12,0.0
Seq_1780,26.06,13.22,51.35,8.86,0.51
Seq_1781,27.16,9.88,53.09,9.88,0.0
Seq_1782,25.79,12.1,53.79,8.26,0.06
Seq_1783,26.97,12.11,53.16,7.54,0.22
Seq_1784,24.83,14.35,51.71,7.97,1.14
Seq_1785,25.8,12.32,52.84,8.51,0.53
Seq_1786,29.8,9.8,52.65,7.76,0.0
Seq_1787,25.6,12.33,53.29,8.25,0.52
Seq_1788,25.54,12.49,53.46,7.6,0.91
Seq_1789,26.93,11.78,53.28,7.43,0.58
Seq_1790,26.46,12.53,53.8,6.93,0.29
Seq_1791,28.17,8.73,54.37,8.73,0.0
Seq_1792,27.57,12.48,52.97,6.65,0.33
Seq_1793,26.98,13.29,51.88,7.24,0.6
Seq_1794,26.41,11.56,53.97,7.93,0.13
Seq_1795,27.18,13.91,52.0,6.73,0.18
Seq_1796,26.88,12.78,53.15,6.39,0.79
Seq_1797,27.82,10.53,54.14,7.52,0.0
Seq_1798,26.6,13.66,52.15,7.47,0.11
Seq_1799,25.75,11.38,52.89,9.18,0.8
Seq_1800,25.55,13.39,53.93,6.88,0.25
Seq_1801,25.97,11.79,54.58,7.65,0.0
Seq_1802,25.87,12.93,51.96,8.37,0.87
Seq_1803,27.15,13.74,50.05,8.18,0.87
Seq_1804,26.06,13.03,53.3,6.99,0.63
Seq_1805,24.51,13.98,51.43,8.57,1.5
Seq_1806,27.08,12.34,52.72,7.21,0.64
Seq_1807,26.62,11.19,51.99,9.2,1.0
Seq_1808,26.36,12.58,54.9,6.17,0.0
Seq_1809,26.0,12.06,54.17,7.71,0.06
Seq_1810,25.27,10.75,53.76,9.68,0.54
Seq_1811,26.68,12.76,52.77,7.6,0.19
Seq_1812,26.1,13.95,51.68,7.36,0.9
Seq_1813,26.41,11.82,53.28,7.85,0.65
Seq_1814,26.29,11.69,54.18,7.04,0.8
Seq_1815,25.91,12.15,54.18,7.6,0.16
Seq_1816,26.65,12.58,53.54,6.53,0.71
Seq_1817,24.89,14.04,51.7,8.51,0.85
Seq_1818,25.82,12.41,52.53,8.48,0.76
Seq_1819,26.08,12.69,52.37,8.26,0.6
Seq_1820,26.96,13.37,52.26,6.76,0.65
Seq_1821,27.07,13.89,52.22,6.59,0.22
Seq_1822,27.85,11.71,52.91,7.04,0.49
Seq_1823,24.3,11.76,54.6,9.34,0.0
Seq_1824,25.53,12.2,53.2,8.93,0.13
Seq_1825,26.98,14.19,52.36,6.21,0.26
Seq_1826,25.32,14.94,53.57,6.17,0.0
Seq_1827,28.51,8.14,53.85,9.5,0.0
Seq_1828,26.29,11.45,53.7,8.44,0.13
Seq_1829,27.4,10.87,54.06,7.59,0.07
Seq_1830,25.88,12.49,53.47,8.16,0.0
Seq_1831,25.86,14.45,51.62,7.28,0.79
Seq_1832,26.44,12.3,53.56,7.53,0.17
Seq_1833,25.98,12.07,54.01,7.88,0.07
Seq_1834,25.59,13.21,51.73,8.72,0.75
Seq_1835,27.6,11.92,53.09,6.94,0.45
Seq_1836,27.27,12.01,53.95,6.26,0.51
Seq_1837,26.99,11.57,55.18,6.02,0.24
Seq_1838,25.7,11.3,54.42,8.27,0.32
Seq_1839,26.47,12.09,53.66,7.67,0.12
Seq_1840,25.59,13.18,53.46,7.22,0.54
Seq_1841,25.38,11.63,54.13,8.37,0.48
Seq_1842,25.8,14.18,51.59,7.5,0.92
Seq_1843,25.46,14.04,50.93,8.95,0.62
Seq_1844,26.25,13.86,51.02,7.95,0.91
Seq_1845,25.56,14.02,51.9,7.75,0.77
Seq_1846,25.93,12.62,54.67,6.54,0.23
Seq_1847,24.35,12.04,54.31,8.34,0.96
Seq_1848,27.01,11.33,53.49,8.17,0.0
Seq_1849,25.18,11.45,54.32,8.84,0.21
Seq_1850,25.79,12.26,53.08,8.67,0.21
Seq_1851,27.08,12.59,53.17,6.43,0.72
Seq_1852,25.53,14.5,50.56,8.43,0.99
Seq_1853,25.32,13.54,52.31,8.44,0.39
Seq_1854,25.97,11.52,52.88,9.19,0.44
Seq_1855,25.81,12.12,53.65,8.36,0.06
Seq_1856,25.6,13.11,52.45,7.94,0.89
Seq_1857,25.96,14.08,51.93,7.09,0.94
Seq_1858,25.65,13.26,52.61,7.5,0.98
Seq_1859,26.14,12.24,53.66,7.82,0.14
Seq_1860,26.11,10.62,54.42,7.52,1.33
Seq_1861,26.08,11.65,53.46,8.55,0.27
Seq_1862,26.2,11.86,53.41,8.38,0.15
Seq_1863,26.12,13.23,51.46,8.3,0.9
Seq_1864,25.26,13.48,53.8,6.94,0.52
Seq_1865,26.27,12.65,51.89,8.32,0.86
Seq_1866,26.85,11.6,53.65,7.63,0.27
Seq_1867,25.44,12.87,52.46,8.25,0.98
Seq_1868,25.56,13.28,52.13,8.19,0.84
Seq_1869,27.12,12.44,52.77,7.37,0.29
Seq_1870,27.41,12.71,52.48,6.13,1.26
Seq_1871,26.53,13.88,51.46,7.27,0.85
Seq_1872,25.6,11.59,55.31,7.25,0.24
Seq_1873,26.22,13.82,51.62,7.66,0.68
Seq_1874,26.16,13.14,52.83,7.42,0.44
Seq_1875,25.49,14.04,52.12,7.53,0.83
Seq_1876,26.33,13.06,51.69,8.05,0.87
Seq_1877,28.53,11.76,50.88,7.94,0.88
Seq_1878,29.28,8.93,54.84,6.95,0.0
Seq_1879,25.31,11.65,54.01,8.95,0.08
Seq_1880,25.18,12.77,51.43,9.67,0.95
Seq_1881,25.99,9.39,56.68,7.94,0.0
Seq_1882,26.06,12.99,52.87,7.1,0.98
Seq_1883,26.94,11.19,55.02,6.39,0.46
Seq_1884,29.19,9.14,54.57,7.11,0.0
Seq_1885,27.3,12.48,52.32,7.45,0.46
Seq_1886,28.31,14.29,50.92,6.42,0.06
Seq_1887,25.64,12.82,52.75,8.61,0.18
Seq_1888,25.98,14.02,51.63,7.39,0.98
Seq_1889,26.38,14.41,51.59,6.78,0.85
Seq_1890,26.11,13.0,52.32,7.68,0.89
Seq_1891,27.3,12.45,52.99,6.98,0.28
Seq_1892,25.16,12.86,52.64,8.57,0.77
Seq_1893,26.56,12.93,52.43,7.64,0.43
Seq_1894,27.55,13.78,50.0,7.65,1.02
Seq_1895,27.51,12.8,52.45,6.88,0.37
Seq_1896,27.88,9.29,52.42,10.41,0.0
Seq_1897,25.93,11.95,54.64,7.36,0.11
Seq_1898,25.02,11.61,54.15,9.08,0.14
Seq_1899,29.28,8.93,54.84,6.95,0.0
Seq_1900,26.73,12.98,52.75,7.18,0.36
Seq_1901,24.64,10.41,54.55,9.75,0.66
Seq_1902,26.26,12.46,54.88,6.4,0.0
Seq_1903,31.02,8.91,51.82,8.25,0.0
Seq_1904,26.92,10.44,55.22,7.42,0.0
Seq_1905,26.32,12.8,52.64,8.12,0.11
Seq_1906,25.86,13.27,53.96,6.69,0.22
Seq_1907,25.97,12.84,52.81,7.29,1.08
Seq_1908,26.42,13.36,52.13,7.59,0.51
Seq_1909,26.14,13.21,53.79,6.5,0.36
Seq_1910,26.25,13.57,51.47,7.94,0.77
Seq_1911,25.83,15.28,51.39,6.67,0.83
Seq_1912,24.83,14.15,51.51,8.58,0.93
Seq_1913,25.3,12.42,54.25,7.69,0.34
Seq_1914,27.91,12.29,52.39,6.68,0.72
Seq_1915,25.87,14.05,52.48,7.33,0.27
Seq_1916,26.88,12.45,53.17,7.01,0.49
Seq_1917,26.79,11.98,53.86,7.16,0.21
Seq_1918,26.45,13.39,51.57,7.77,0.83
Seq_1919,26.04,12.66,53.26,7.51,0.52
Seq_1920,26.03,11.94,53.5,8.08,0.45
Seq_1921,26.24,13.38,51.59,8.03,0.76
Seq_1922,25.98,13.3,52.18,7.81,0.74
Seq_1923,26.54,12.26,53.76,7.07,0.38
Seq_1924,27.18,11.99,53.65,6.6,0.58
Seq_1925,26.11,12.6,52.53,8.14,0.61
Seq_1926,26.43,12.32,52.98,7.93,0.34
Seq_1927,26.69,12.59,52.75,7.29,0.69
Seq_1928,26.99,11.89,53.58,7.44,0.11
Seq_1929,28.27,11.8,52.73,6.68,0.52
Seq_1930,27.12,12.68,53.14,6.78,0.27
Seq_1931,25.78,12.63,54.24,7.01,0.33
Seq_1932,28.03,12.98,52.87,5.55,0.56
Seq_1933,27.33,12.44,51.71,8.52,0.0
Seq_1934,25.22,14.19,51.86,7.53,1.2
Seq_1935,26.99,11.13,53.52,8.29,0.07
Seq_1936,25.8,12.22,53.11,8.79,0.07
Seq_1937,25.38,13.58,52.67,7.54,0.82
Seq_1938,26.56,12.66,53.3,6.68,0.8
Seq_1939,26.99,11.08,52.05,8.92,0.96
Seq_1940,26.48,13.39,51.29,8.83,0.0
Seq_1941,24.5,13.33,50.5,10.83,0.83
Seq_1942,26.83,12.17,51.63,8.55,0.81
Seq_1943,25.35,15.09,50.24,8.37,0.94
Seq_1944,29.4,11.37,52.57,6.28,0.38
Seq_1945,24.81,13.28,53.69,7.22,1.0
Seq_1946,25.15,14.57,51.1,9.18,0.0
Seq_1947,26.0,12.93,52.3,8.04,0.73
Seq_1948,29.62,11.5,51.22,6.62,1.05
Seq_1949,25.76,13.91,52.23,7.07,1.03
Seq_1950,26.41,13.13,52.67,7.33,0.46
Seq_1951,23.78,10.98,54.27,9.15,1.83
Seq_1952,25.35,13.17,53.78,7.28,0.42
Seq_1953,25.75,12.36,52.9,8.52,0.47
Seq_1954,26.33,13.79,52.66,6.9,0.31
Seq_1955,26.59,13.14,50.99,8.45,0.83
Seq_1956,27.22,14.02,51.0,7.63,0.14
Seq_1957,27.31,12.42,53.33,6.21,0.73
Seq_1958,28.06,12.06,52.96,6.42,0.49
Seq_1959,26.42,11.09,53.29,8.66,0.54
Seq_1960,25.77,13.46,53.08,6.54,1.15
Seq_1961,26.61,12.88,52.27,7.3,0.94
Seq_1962,26.68,12.17,53.29,7.71,0.15
Seq_1963,26.64,13.53,52.34,6.66,0.83
Seq_1964,26.27,11.53,50.67,10.46,1.07
Seq_1965,24.37,14.46,52.8,7.88,0.49
Seq_1966,27.25,13.63,51.47,7.55,0.1
Seq_1967,27.27,13.49,52.66,6.41,0.17
Seq_1968,26.64,13.32,51.71,7.44,0.88
Seq_1969,25.82,12.66,54.33,7.07,0.11
Seq_1970,24.92,11.12,53.62,10.12,0.22
Seq_1971,28.2,12.28,52.62,6.22,0.68
Seq_1972,24.77,11.36,53.41,10.23,0.23
Seq_1973,25.8,13.69,52.63,7.39,0.48
Seq_1974,25.62,10.95,54.48,8.38,0.57
Seq_1975,25.9,12.15,53.2,8.61,0.13
Seq_1976,26.03,12.7,53.12,7.72,0.42
Seq_1977,27.19,12.19,51.88,8.44,0.31
Seq_1978,25.4,14.72,51.62,7.27,0.99
Seq_1979,25.93,12.33,52.57,8.46,0.71
Seq_1980,26.48,12.34,51.16,9.0,1.03
Seq_1981,26.94,12.33,54.26,5.92,0.54
Seq_1982,27.47,12.72,52.74,6.27,0.8
Seq_1983,26.76,11.59,52.57,8.24,0.84
Seq_1984,26.64,11.98,53.17,7.85,0.35
Seq_1985,25.51,13.85,51.41,8.21,1.03
Seq_1986,26.23,13.38,52.08,7.62,0.69
Seq_1987,27.05,12.46,52.56,7.34,0.58
Seq_1988,26.2,13.88,51.23,7.91,0.78
Seq_1989,26.19,13.4,52.32,7.29,0.8
Seq_1990,25.84,12.42,53.87,7.68,0.19
Seq_1991,25.53,12.71,51.18,9.65,0.94
Seq_1992,26.85,12.69,52.51,7.53,0.42
Seq_1993,26.39,13.7,52.24,7.51,0.15
Seq_1994,25.39,12.98,53.74,7.72,0.16
Seq_1995,25.68,14.04,50.35,8.83,1.1
Seq_1996,26.59,12.88,53.39,6.44,0.7
Seq_1997,26.83,12.4,53.23,7.03,0.51
Seq_1998,24.94,11.01,53.82,10.0,0.22
Seq_1999,24.93,13.4,53.65,7.36,0.66
Seq_2000,26.13,13.14,52.04,8.1,0.58
Seq_2001,26.61,13.0,51.89,7.88,0.61
Seq_2002,25.95,12.51,53.66,7.66,0.22
Seq_2003,26.62,12.99,52.6,7.47,0.32
Seq_2004,25.42,10.42,56.25,7.92,0.0
Seq_2005,29.01,9.9,53.13,7.96,0.0
Seq_2006,26.08,13.09,53.25,6.99,0.59
Seq_2007,25.52,14.48,50.21,8.41,1.38
Seq_2008,25.3,12.74,54.73,6.88,0.34
Seq_2009,26.99,12.04,53.24,6.98,0.75
Seq_2010,26.43,12.29,53.38,7.29,0.61
Seq_2011,26.22,13.5,51.86,7.24,1.17
Seq_2012,26.45,14.51,48.98,10.06,0.0
Seq_2013,26.21,13.74,51.73,7.97,0.35
Seq_2014,26.06,13.09,50.71,9.2,0.94
Seq_2015,26.99,12.57,52.72,6.79,0.92
Seq_2016,26.13,13.64,51.22,8.24,0.77
Seq_2017,26.44,13.64,51.94,7.03,0.94
Seq_2018,25.91,12.28,54.05,7.7,0.06
Seq_2019,24.87,14.27,51.83,7.98,1.05
Seq_2020,24.87,8.92,55.06,10.63,0.51
Seq_2021,25.42,12.09,53.04,9.34,0.11
Seq_2022,29.07,11.05,51.74,6.98,1.16
Seq_2023,25.46,11.74,54.09,8.51,0.2
Seq_2024,27.15,12.03,51.55,8.59,0.69
Seq_2025,26.13,13.58,51.36,8.15,0.78
Seq_2026,26.79,12.68,51.43,8.28,0.82
Seq_2027,26.19,14.08,50.67,8.08,0.98
Seq_2028,25.69,11.71,52.64,9.19,0.76
Seq_2029,25.04,14.0,53.97,7.0,0.0
Seq_2030,26.6,12.94,50.93,8.7,0.83
Seq_2031,25.68,13.32,53.09,6.76,1.16
Seq_2032,25.77,14.22,52.03,7.28,0.7
Seq_2033,26.55,13.11,52.71,7.3,0.32
Seq_2034,26.72,12.65,52.41,7.46,0.76
Seq_2035,25.44,14.79,53.35,6.34,0.09
Seq_2036,25.7,14.61,50.47,9.02,0.21
Seq_2037,25.71,14.05,52.06,7.06,1.11
Seq_2038,25.64,12.51,54.34,7.23,0.28
Seq_2039,24.84,14.47,51.84,7.56,1.3
Seq_2040,27.57,12.09,52.87,6.61,0.87
Seq_2041,27.36,11.5,53.99,6.43,0.72
Seq_2042,26.81,15.0,50.0,7.36,0.83
Seq_2043,25.19,13.58,52.35,7.89,0.99
Seq_2044,26.23,12.15,53.9,7.64,0.08
Seq_2045,27.57,13.37,51.24,6.86,0.95
Seq_2046,27.05,9.61,53.02,9.61,0.71
Seq_2047,25.82,12.09,53.52,8.46,0.11
Seq_2048,24.97,13.5,52.49,8.02,1.02
Seq_2049,26.11,12.76,52.29,8.19,0.66
Seq_2050,26.3,12.57,51.97,8.2,0.96
Seq_2051,26.26,12.14,53.69,7.64,0.27
Seq_2052,25.71,11.86,53.89,8.06,0.47
Seq_2053,26.56,13.28,53.06,6.94,0.16
Seq_2054,28.07,13.53,50.93,7.31,0.16
Seq_2055,25.4,13.89,53.45,7.12,0.14
Seq_2056,25.63,11.68,54.55,8.07,0.08
Seq_2057,25.96,11.48,53.64,8.4,0.51
Seq_2058,25.72,13.51,51.91,8.29,0.56
Seq_2059,26.17,13.03,51.3,8.65,0.83
Seq_2060,24.53,12.74,53.54,9.2,0.0
Seq_2061,25.7,11.62,54.07,8.61,0.0
Seq_2062,24.3,11.58,54.83,9.29,0.0
Seq_2063,25.67,13.9,54.01,6.42,0.0
Seq_2064,29.23,11.97,51.06,6.69,1.06
Seq_2065,28.47,10.32,55.16,6.05,0.0
Seq_2066,25.1,11.07,54.52,8.64,0.67
Seq_2067,25.85,12.32,53.48,8.0,0.35
Seq_2068,24.5,11.05,54.33,9.32,0.8
Seq_2069,26.42,11.49,54.05,7.94,0.11
Seq_2070,26.57,12.58,51.52,8.52,0.81
Seq_2071,30.56,8.33,52.08,9.03,0.0
Seq_2072,26.8,14.06,51.77,7.22,0.15
Seq_2073,26.0,13.34,52.92,7.2,0.53
Seq_2074,26.18,13.7,51.03,8.12,0.97
Seq_2075,26.73,12.47,52.8,7.82,0.18
Seq_2076,27.05,12.73,52.98,7.03,0.21
Seq_2077,26.7,11.78,52.36,8.64,0.52
Seq_2078,26.2,13.43,52.02,7.51,0.85
Seq_2079,26.92,12.94,52.97,7.05,0.12
Seq_2080,24.54,10.55,54.62,9.76,0.53
Seq_2081,26.42,12.07,53.47,7.92,0.11
Seq_2082,26.44,13.72,50.89,7.55,1.39
Seq_2083,26.9,13.26,51.79,7.8,0.26
Seq_2084,25.53,12.52,52.58,8.32,1.05
Seq_2085,26.24,13.26,53.24,7.12,0.14
Seq_2086,28.14,10.78,53.49,7.58,0.0
Seq_2087,27.02,12.2,54.41,6.0,0.38
Seq_2088,24.54,12.88,55.21,7.36,0.0
Seq_2089,27.5,12.17,53.26,6.7,0.37
Seq_2090,25.33,13.97,52.51,7.21,0.98
Seq_2091,26.18,13.42,52.29,7.31,0.8
Seq_2092,26.21,14.02,52.54,6.41,0.82
Seq_2093,26.17,12.52,53.48,7.7,0.13
Seq_2094,24.4,12.42,54.25,8.5,0.44
Seq_2095,26.3,9.18,56.58,7.94,0.0
Seq_2096,26.25,12.16,52.95,8.39,0.25
Seq_2097,25.19,13.09,52.72,8.02,0.99
Seq_2098,26.16,13.24,51.16,8.61,0.84
Seq_2099,25.66,11.7,53.87,8.3,0.47
Seq_2100,26.54,13.06,50.78,8.78,0.84
Seq_2101,25.57,12.17,55.2,7.05,0.0
Seq_2102,25.54,13.75,51.43,8.21,1.07
Seq_2103,25.32,12.16,54.21,8.21,0.11
Seq_2104,27.36,11.48,53.58,7.08,0.49
Seq_2105,26.34,12.45,52.47,7.92,0.82
Seq_2106,25.15,12.21,53.58,8.99,0.07
Seq_2107,26.29,12.15,53.72,7.77,0.07
Seq_2108,27.43,12.85,52.47,6.67,0.58
Seq_2109,25.94,12.29,54.46,7.31,0.0
Seq_2110,25.47,13.21,53.27,7.99,0.06
Seq_2111,25.83,12.18,52.77,8.86,0.37
Seq_2112,26.21,13.39,50.73,8.77,0.9
Seq_2113,25.82,12.87,52.53,8.11,0.67
Seq_2114,25.54,11.56,54.84,7.53,0.54
Seq_2115,26.89,13.58,51.17,7.46,0.9
Seq_2116,25.06,12.47,53.76,8.65,0.06
Seq_2117,26.22,8.39,53.85,11.54,0.0
Seq_2118,25.43,12.87,53.15,7.39,1.15
Seq_2119,28.18,12.37,50.86,7.56,1.03
Seq_2120,25.89,13.32,53.58,7.11,0.11
Seq_2121,25.87,13.41,53.89,6.71,0.12
Seq_2122,27.53,10.13,52.53,9.18,0.63
Seq_2123,27.19,12.05,53.68,6.29,0.8
Seq_2124,26.36,13.95,52.71,6.98,0.0
Seq_2125,28.57,9.52,54.76,7.14,0.0
Seq_2126,26.43,12.13,52.97,7.55,0.92
Seq_2127,25.35,12.68,54.23,7.75,0.0
Seq_2128,25.03,13.66,53.4,7.32,0.59
Seq_2129,25.93,14.13,51.16,7.77,1.01
Seq_2130,26.27,11.83,55.27,6.63,0.0
Seq_2131,26.51,13.42,52.69,6.87,0.52
Seq_2132,27.13,13.19,53.0,6.17,0.51
Seq_2133,25.68,13.59,51.64,8.53,0.56
Seq_2134,25.39,14.07,52.32,7.55,0.69
Seq_2135,24.78,13.6,51.75,8.99,0.88
Seq_2136,25.71,13.65,53.39,7.17,0.08
Seq_2137,25.83,12.91,53.93,7.33,0.0
Seq_2138,25.44,15.11,52.9,6.55,0.0
Seq_2139,25.78,12.17,53.88,7.76,0.41
Seq_2140,28.32,12.87,51.49,6.78,0.54
Seq_2141,25.11,12.75,53.97,8.02,0.15
Seq_2142,26.64,13.67,51.36,7.62,0.7
Seq_2143,25.54,12.26,53.79,8.14,0.28
Seq_2144,27.22,12.56,52.89,6.72,0.61
Seq_2145,25.24,12.92,52.15,8.73,0.96
Seq_2146,26.25,13.23,53.62,6.41,0.49
Seq_2147,26.0,14.0,52.46,7.54,0.0
Seq_2148,27.1,13.41,52.35,6.76,0.38
Seq_2149,25.36,12.51,51.96,9.16,1.01
Seq_2150,26.1,12.19,52.51,8.56,0.64
Seq_2151,26.88,13.29,50.88,7.83,1.13
Seq_2152,26.15,13.36,50.62,8.98,0.9
Seq_2153,24.84,13.86,53.12,7.24,0.93
Seq_2154,25.47,13.89,52.09,7.75,0.8
Seq_2155,26.04,14.06,52.6,6.77,0.52
Seq_2156,25.9,12.44,54.37,6.95,0.34
Seq_2157,26.26,13.52,50.5,8.83,0.89
Seq_2158,25.74,12.31,53.61,8.21,0.13
Seq_2159,25.05,15.18,51.59,7.86,0.32
Seq_2160,24.89,14.33,52.0,7.78,1.0
Seq_2161,26.04,14.68,50.97,8.03,0.28
Seq_2162,32.92,8.07,50.93,8.07,0.0
Seq_2163,26.19,12.17,53.57,8.07,0.0
Seq_2164,25.71,12.77,52.16,8.46,0.9
Seq_2165,25.88,13.5,53.66,6.68,0.28
Seq_2166,26.07,11.61,53.05,8.76,0.51
Seq_2167,31.48,7.41,50.0,11.11,0.0
Seq_2168,26.61,10.48,54.03,8.87,0.0
Seq_2169,30.04,10.27,51.71,7.98,0.0
Seq_2170,25.07,13.9,52.13,8.72,0.18
Seq_2171,25.06,11.98,54.09,8.52,0.34
Seq_2172,25.76,13.45,51.8,8.43,0.57
Seq_2173,26.75,12.14,53.43,7.13,0.55
Seq_2174,26.16,13.48,50.74,8.72,0.91
Seq_2175,26.37,13.67,51.27,7.71,0.98
Seq_2176,24.98,13.19,53.66,7.68,0.48
Seq_2177,26.51,12.08,53.09,8.26,0.07
Seq_2178,26.56,12.86,53.12,7.25,0.21
Seq_2179,25.79,11.57,55.09,7.55,0.0
Seq_2180,25.83,12.91,53.68,7.47,0.11
Seq_2181,26.74,12.0,53.31,7.45,0.5
Seq_2182,24.73,11.4,54.4,8.79,0.69
Seq_2183,27.72,9.51,55.16,7.61,0.0
Seq_2184,27.35,9.94,52.21,9.39,1.1
Seq_2185,25.86,13.37,53.3,6.86,0.62
Seq_2186,25.94,11.76,53.32,8.98,0.0
Seq_2187,27.9,12.44,52.69,6.72,0.25
Seq_2188,25.83,13.53,53.75,6.77,0.12
Seq_2189,26.12,13.44,51.34,8.32,0.77
Seq_2190,26.22,13.78,52.61,7.21,0.18
Seq_2191,27.59,12.47,53.1,6.36,0.48
Seq_2192,26.05,13.1,52.55,7.77,0.52
Seq_2193,26.42,13.28,52.32,7.19,0.78
Seq_2194,28.04,11.07,50.18,10.7,0.0
Seq_2195,27.98,12.39,50.0,9.17,0.46
Seq_2196,25.23,13.93,52.4,7.87,0.56
Seq_2197,27.23,12.34,51.49,8.51,0.43
Seq_2198,26.02,13.95,51.92,7.48,0.63
Seq_2199,26.49,11.49,53.33,8.49,0.2
Seq_2200,27.37,11.92,52.86,7.73,0.12
Seq_2201,27.72,13.68,51.65,6.47,0.49
Seq_2202,30.0,10.0,53.33,6.67,0.0
Seq_2203,26.58,13.23,52.93,6.79,0.46
Seq_2204,25.53,11.38,54.31,8.46,0.32
Seq_2205,25.2,14.22,51.37,8.24,0.97
Seq_2206,24.86,12.94,54.0,8.1,0.09
Seq_2207,24.78,12.39,53.1,8.85,0.88
Seq_2208,26.34,12.43,53.74,7.33,0.16
Seq_2209,27.04,12.71,53.38,6.7,0.17
Seq_2210,26.99,12.11,52.77,7.58,0.55
Seq_2211,25.51,12.86,54.05,7.3,0.29
Seq_2212,28.35,12.11,52.04,7.15,0.35
Seq_2213,25.63,11.18,54.05,8.48,0.67
Seq_2214,26.16,13.02,52.32,7.4,1.1
Seq_2215,26.89,13.19,52.81,6.95,0.15
Seq_2216,27.79,13.47,51.29,7.45,0.0
Seq_2217,26.51,12.81,53.35,6.89,0.45
Seq_2218,26.63,12.76,51.33,8.47,0.82
Seq_2219,27.89,10.14,54.08,7.89,0.0
Seq_2220,26.9,11.68,52.45,8.7,0.27
Seq_2221,31.88,8.05,52.01,8.05,0.0
Seq_2222,25.6,9.52,57.74,6.55,0.6
Seq_2223,26.84,12.13,51.84,8.82,0.37
Seq_2224,32.69,7.69,51.92,7.69,0.0
Seq_2225,25.86,12.66,52.04,8.58,0.86
Seq_2226,26.93,13.57,52.56,6.73,0.22
Seq_2227,27.21,10.48,55.78,6.39,0.14
Seq_2228,26.68,12.0,53.03,7.91,0.38
Seq_2229,28.49,11.83,51.08,7.53,1.08
Seq_2230,26.45,13.02,53.1,6.92,0.51
Seq_2231,24.96,13.14,53.06,8.11,0.74
Seq_2232,26.44,13.16,50.66,8.85,0.88
Seq_2233,26.57,11.28,51.63,9.52,1.0
Seq_2234,25.48,13.58,52.04,7.93,0.96
Seq_2235,24.82,14.06,53.38,7.22,0.52
Seq_2236,29.19,9.19,52.97,8.65,0.0
Seq_2237,28.18,11.88,52.21,7.73,0.0
Seq_2238,27.7,12.54,52.96,6.18,0.61
Seq_2239,26.03,12.46,53.62,7.77,0.12
Seq_2240,26.69,12.13,53.44,7.45,0.29
Seq_2241,27.45,12.16,50.98,9.02,0.39
Seq_2242,26.21,13.43,51.53,8.06,0.77
Seq_2243,26.82,13.73,52.32,6.97,0.16
Seq_2244,26.04,12.39,53.67,7.46,0.44
Seq_2245,26.85,11.75,52.92,7.55,0.93
Seq_2246,26.34,11.96,53.64,7.95,0.11
Seq_2247,25.48,14.14,52.71,7.21,0.47
Seq_2248,29.84,10.47,51.31,7.85,0.52
Seq_2249,26.72,12.56,52.64,8.03,0.06
Seq_2250,26.64,13.13,50.9,8.37,0.95
Seq_2251,27.69,11.98,50.83,9.09,0.41
Seq_2252,25.75,12.45,54.29,7.35,0.15
Seq_2253,26.56,10.37,54.77,8.3,0.0
Seq_2254,32.69,7.69,51.92,7.69,0.0
Seq_2255,27.52,11.88,53.59,6.5,0.51
Seq_2256,26.38,11.31,51.51,9.8,1.01
Seq_2257,31.38,9.66,50.69,8.28,0.0
Seq_2258,27.38,11.41,55.13,6.08,0.0
Seq_2259,27.36,11.18,53.31,8.14,0.0
Seq_2260,26.25,13.26,51.96,7.56,0.96
Seq_2261,26.39,14.33,50.41,8.87,0.0
Seq_2262,26.7,13.44,53.74,6.12,0.0
Seq_2263,25.29,12.84,53.47,8.26,0.13
Seq_2264,25.87,13.75,51.83,7.73,0.81
Seq_2265,27.36,14.1,51.62,6.91,0.0
Seq_2266,25.55,12.24,53.81,8.12,0.28
Seq_2267,28.16,8.74,55.34,7.28,0.49
Seq_2268,25.54,11.98,54.69,7.79,0.0
Seq_2269,25.41,12.33,54.06,8.03,0.17
Seq_2270,27.89,11.97,53.8,6.04,0.31
Seq_2271,27.98,12.58,52.37,6.2,0.87
Seq_2272,26.01,11.95,53.86,8.06,0.11
Seq_2273,26.27,11.72,54.66,7.13,0.22
Seq_2274,25.06,13.19,52.55,8.09,1.11
Seq_2275,26.93,13.34,52.98,6.75,0.0
Seq_2276,26.18,12.77,51.82,8.37,0.86
Seq_2277,25.92,13.61,52.62,7.85,0.0
Seq_2278,26.58,13.5,52.68,7.05,0.18
Seq_2279,25.11,14.44,51.49,7.74,1.22
Seq_2280,25.48,12.59,53.85,7.93,0.15
Seq_2281,27.03,12.74,52.93,7.18,0.12
Seq_2282,25.7,12.45,52.21,9.24,0.4
Seq_2283,25.57,12.11,53.73,8.28,0.31
Seq_2284,25.83,12.35,54.01,7.81,0.0
Seq_2285,26.1,12.02,53.27,7.53,1.08
Seq_2286,26.7,11.95,52.1,8.78,0.47
Seq_2287,26.04,12.23,53.75,7.99,0.0
Seq_2288,26.5,11.65,53.55,8.18,0.11
Seq_2289,25.72,13.34,53.07,7.39,0.48
Seq_2290,26.95,13.26,52.71,6.98,0.11
Seq_2291,25.77,14.3,50.8,8.14,0.99
Seq_2292,27.38,12.55,51.71,7.98,0.38
Seq_2293,26.65,12.49,53.94,6.86,0.05
Seq_2294,25.49,13.73,53.43,6.86,0.49
Seq_2295,27.05,12.54,53.6,6.64,0.17
Seq_2296,25.05,12.74,53.93,8.07,0.21
Seq_2297,27.02,12.2,54.41,6.0,0.38
Seq_2298,27.7,12.68,50.7,7.98,0.94
Seq_2299,26.15,11.79,53.91,7.88,0.27
Seq_2300,26.75,11.58,54.16,7.5,0.0
Seq_2301,26.0,13.78,51.44,7.56,1.22
Seq_2302,25.95,10.56,54.65,8.73,0.11
Seq_2303,32.01,8.91,50.83,8.25,0.0
Seq_2304,25.75,13.71,50.84,8.81,0.89
Seq_2305,26.07,12.02,53.82,8.03,0.06
Seq_2306,26.94,12.18,52.64,8.03,0.21
Seq_2307,25.94,12.78,53.38,7.89,0.0
Seq_2308,25.91,11.54,53.83,8.49,0.22
Seq_2309,25.81,12.26,54.29,7.12,0.51
Seq_2310,25.6,13.54,52.68,7.24,0.94
Seq_2311,26.36,12.59,52.08,8.0,0.96
Seq_2312,25.4,14.29,53.74,6.58,0.0
Seq_2313,26.94,12.37,52.87,7.77,0.05
Seq_2314,26.75,11.85,51.98,8.51,0.91
Seq_2315,26.59,13.17,53.09,6.91,0.24
Seq_2316,26.44,13.63,52.06,7.12,0.75
Seq_2317,26.21,12.04,53.48,8.19,0.08
Seq_2318,26.47,12.17,53.62,7.57,0.17
Seq_2319,24.16,11.33,54.67,9.84,0.0
Seq_2320,25.78,10.68,53.59,9.94,0.0
Seq_2321,26.67,12.24,53.42,7.43,0.25
Seq_2322,25.43,12.4,53.22,8.63,0.31
Seq_2323,25.92,13.11,52.76,7.82,0.38
Seq_2324,25.55,15.04,51.42,7.57,0.42
Seq_2325,26.77,12.13,51.68,9.05,0.37
Seq_2326,24.89,11.94,53.54,9.18,0.46
Seq_2327,24.55,12.73,52.53,9.03,1.17
Seq_2328,26.11,14.35,52.79,6.59,0.17
Seq_2329,26.17,12.66,51.81,8.51,0.85
Seq_2330,24.91,12.81,53.32,8.85,0.12
Seq_2331,30.43,8.03,52.84,8.7,0.0
Seq_2332,29.39,14.7,50.48,5.43,0.0
Seq_2333,26.72,14.8,51.6,6.75,0.13
Seq_2334,26.36,12.99,52.43,7.47,0.75
Seq_2335,26.84,11.28,54.32,7.37,0.18
Seq_2336,26.27,12.77,52.25,7.98,0.73
Seq_2337,27.87,13.24,51.57,7.32,0.0
Seq_2338,25.48,11.44,53.54,8.99,0.54
Seq_2339,25.42,12.91,52.83,8.78,0.07
Seq_2340,28.04,11.52,52.61,7.83,0.0
Seq_2341,26.71,13.66,51.11,8.52,0.0
Seq_2342,28.6,11.64,53.0,6.25,0.51
Seq_2343,26.62,12.61,52.69,7.22,0.86
Seq_2344,25.05,12.89,53.61,8.38,0.07
Seq_2345,27.03,12.8,53.06,6.4,0.71
Seq_2346,24.9,11.02,54.69,8.71,0.68
Seq_2347,26.31,13.1,51.75,7.97,0.87
Seq_2348,25.24,14.19,52.91,7.41,0.26
Seq_2349,25.86,12.15,53.72,8.27,0.0
Seq_2350,27.42,12.0,53.18,6.76,0.64
Seq_2351,26.26,12.7,51.88,8.29,0.86
Seq_2352,27.2,14.35,51.16,7.06,0.23
Seq_2353,24.67,10.69,54.49,9.63,0.53
Seq_2354,25.87,8.74,54.2,11.19,0.0
Seq_2355,26.0,11.15,54.69,7.85,0.31
Seq_2356,27.19,13.6,52.63,6.36,0.22
Seq_2357,25.41,12.56,53.85,7.98,0.19
Seq_2358,26.57,12.76,52.49,7.52,0.65
Seq_2359,26.36,11.88,53.35,8.09,0.32
Seq_2360,25.53,11.21,53.9,9.36,0.0
Seq_2361,26.82,13.48,51.6,7.62,0.48
Seq_2362,26.28,13.03,53.01,7.15,0.53
Seq_2363,26.74,12.45,52.71,7.92,0.18
Seq_2364,26.28,13.52,51.53,7.91,0.77
Seq_2365,25.72,12.71,52.27,8.47,0.83
Seq_2366,24.8,9.45,55.91,9.45,0.39
Seq_2367,26.07,14.35,51.37,7.34,0.88
Seq_2368,24.21,14.47,52.76,8.03,0.53
Seq_2369,29.4,10.95,52.89,6.24,0.51
Seq_2370,26.98,13.14,51.74,7.91,0.23
Seq_2371,26.12,12.35,53.59,7.78,0.15
Seq_2372,24.85,13.64,51.21,9.39,0.91
Seq_2373,25.95,13.09,53.42,7.31,0.23
Seq_2374,26.39,12.51,53.74,7.21,0.16
Seq_2375,27.26,13.58,50.55,7.62,0.99
Seq_2376,27.16,12.19,54.48,5.79,0.39
Seq_2377,24.83,14.67,51.52,7.86,1.11
Seq_2378,25.37,12.25,53.74,8.46,0.18
Seq_2379,25.46,12.67,53.2,7.76,0.91
Seq_2380,26.95,12.84,51.58,7.79,0.84
Seq_2381,25.05,14.05,53.27,7.12,0.51
Seq_2382,26.04,14.17,51.5,7.37,0.92
Seq_2383,26.01,14.35,52.4,6.92,0.32
Seq_2384,27.37,12.93,52.67,6.28,0.75
Seq_2385,26.24,12.8,51.94,8.17,0.86
Seq_2386,25.81,13.04,53.58,7.52,0.05
Seq_2387,25.78,8.36,54.7,11.15,0.0
Seq_2388,26.6,13.79,51.46,6.99,1.17
Seq_2389,27.04,9.18,54.59,8.16,1.02
Seq_2390,25.62,12.47,53.83,7.96,0.12
Seq_2391,26.17,12.9,52.19,8.02,0.73
Seq_2392,28.24,12.5,50.46,8.33,0.46
Seq_2393,25.13,13.96,54.06,6.85,0.0
Seq_2394,25.74,12.57,54.03,7.66,0.0
Seq_2395,26.32,13.22,51.76,7.93,0.76
Seq_2396,25.04,13.34,54.86,6.75,0.0
Seq_2397,24.84,14.13,51.82,8.35,0.86
Seq_2398,26.03,13.52,52.21,7.3,0.93
Seq_2399,24.55,12.57,53.29,8.98,0.6
Seq_2400,26.38,13.32,52.09,7.81,0.4
Seq_2401,27.27,11.86,54.02,6.56,0.29
Seq_2402,26.22,12.63,53.68,7.18,0.29
Seq_2403,26.07,12.56,53.22,7.71,0.45
Seq_2404,26.82,12.25,51.99,8.61,0.33
Seq_2405,25.82,12.68,52.11,8.61,0.78
Seq_2406,25.44,12.28,53.99,8.28,0.0
Seq_2407,26.26,13.54,51.53,7.94,0.72
Seq_2408,26.19,13.48,51.48,8.09,0.77
Seq_2409,26.75,12.89,52.29,7.56,0.52
Seq_2410,27.51,11.83,50.59,8.88,1.18
Seq_2411,25.51,12.93,52.87,8.41,0.27
Seq_2412,25.17,12.84,54.56,6.93,0.51
Seq_2413,25.99,13.1,52.08,8.04,0.79
Seq_2414,26.05,13.12,52.72,7.56,0.56
Seq_2415,26.17,13.93,51.17,7.94,0.78
Seq_2416,26.73,13.74,52.88,6.66,0.0
Seq_2417,25.28,12.45,53.76,8.26,0.25
Seq_2418,25.31,14.52,51.14,7.99,1.04
Seq_2419,25.76,13.57,51.72,8.36,0.59
Seq_2420,26.67,12.1,53.95,7.16,0.12
Seq_2421,26.41,13.42,52.67,7.22,0.29
Seq_2422,25.87,13.89,51.75,7.89,0.6
Seq_2423,25.34,10.68,54.09,9.66,0.23
Seq_2424,25.58,11.63,54.32,8.38,0.09
Seq_2425,26.97,12.48,52.97,6.9,0.69
Seq_2426,26.3,11.9,54.0,7.72,0.07
Seq_2427,26.6,12.94,51.14,8.49,0.83
Seq_2428,26.27,13.82,50.46,8.41,1.04
Seq_2429,25.45,14.7,53.41,6.45,0.0
Seq_2430,27.6,12.25,50.23,9.92,0.0
Seq_2431,25.52,15.43,52.82,6.23,0.0
Seq_2432,26.41,11.4,52.92,8.67,0.58
Seq_2433,26.08,11.94,52.82,9.08,0.08
Seq_2434,26.99,12.11,51.9,8.65,0.35
Seq_2435,25.39,13.99,51.81,7.25,1.55
Seq_2436,25.1,9.56,56.57,8.76,0.0
Seq_2437,25.41,13.92,52.68,7.21,0.79
Seq_2438,25.98,13.5,52.14,7.82,0.56
Seq_2439,28.31,12.86,51.81,6.66,0.36
Seq_2440,26.88,11.99,53.94,6.68,0.51
Seq_2441,25.37,10.81,54.34,8.95,0.53
Seq_2442,25.72,11.97,54.5,7.72,0.08
Seq_2443,26.38,12.48,52.59,8.09,0.46
Seq_2444,26.21,13.79,50.76,8.28,0.97
Seq_2445,26.4,9.6,55.6,8.4,0.0
Seq_2446,27.0,13.34,52.34,6.83,0.48
Seq_2447,24.6,11.11,53.97,9.52,0.79
Seq_2448,29.52,10.0,52.86,7.62,0.0
Seq_2449,26.46,13.33,52.63,6.74,0.84
Seq_2450,27.69,9.45,54.72,8.14,0.0
Seq_2451,26.08,12.99,51.73,8.33,0.87
Seq_2452,26.77,12.47,53.27,7.27,0.22
Seq_2453,31.48,7.41,50.0,11.11,0.0
Seq_2454,28.74,12.4,52.18,6.16,0.51
Seq_2455,25.76,12.72,52.28,8.37,0.87
Seq_2456,24.54,13.79,51.83,8.82,1.01
Seq_2457,25.76,12.29,53.33,8.47,0.15
Seq_2458,25.24,11.13,54.82,8.14,0.68
Seq_2459,26.68,13.68,51.4,7.56,0.68
Seq_2460,26.87,11.42,54.32,7.29,0.1
Seq_2461,26.18,13.27,52.59,7.0,0.97
Seq_2462,25.77,12.73,54.52,6.88,0.1
Seq_2463,26.93,12.71,52.06,7.44,0.87
Seq_2464,27.27,13.47,50.62,7.86,0.79
Seq_2465,26.6,13.3,53.89,6.22,0.0
Seq_2466,26.91,11.97,54.05,6.25,0.82
Seq_2467,26.07,12.16,54.24,7.26,0.26
Seq_2468,26.57,12.44,53.7,7.17,0.11
Seq_2469,27.21,11.71,52.84,7.67,0.58
Seq_2470,26.79,12.01,53.22,7.71,0.27
Seq_2471,26.16,12.76,51.68,8.54,0.86
Seq_2472,26.5,12.86,52.92,6.86,0.86
Seq_2473,26.28,13.72,51.41,7.82,0.77
Seq_2474,27.0,11.0,51.0,10.0,1.0
Seq_2475,26.33,13.13,51.76,8.12,0.66
Seq_2476,27.73,10.92,52.1,7.56,1.68
Seq_2477,26.85,14.38,51.7,6.65,0.42
Seq_2478,25.87,11.46,53.83,8.68,0.15
Seq_2479,26.92,11.98,53.14,7.56,0.41
Seq_2480,26.67,12.51,52.3,8.04,0.48
Seq_2481,26.45,13.32,52.19,7.53,0.51
Seq_2482,27.33,11.86,53.16,7.21,0.44
Seq_2483,27.71,12.55,50.22,9.09,0.43
Seq_2484,27.24,11.83,51.61,8.96,0.36
Seq_2485,27.79,13.24,51.95,6.37,0.65
Seq_2486,25.43,12.13,52.85,9.2,0.39
Seq_2487,26.89,12.18,53.97,6.4,0.55
Seq_2488,26.71,12.76,51.8,7.96,0.77
Seq_2489,26.13,11.76,55.23,6.89,0.0
Seq_2490,23.72,15.58,53.6,7.09,0.0
Seq_2491,27.75,11.4,53.1,7.13,0.62
Seq_2492,26.58,13.51,52.33,7.53,0.06
Seq_2493,27.61,11.72,53.43,6.57,0.67
Seq_2494,26.39,13.16,53.7,6.47,0.28
Seq_2495,26.63,18.27,49.23,5.88,0.0
Seq_2496,25.66,10.39,55.26,8.16,0.53
Seq_2497,26.73,13.02,52.56,6.9,0.79
Seq_2498,27.02,14.6,52.07,6.04,0.27
Seq_2499,25.61,13.7,53.83,6.69,0.16
Seq_2500,26.11,13.09,52.95,7.0,0.85
Seq_2501,24.5,16.06,51.81,7.63,0.0
Seq_2502,25.83,13.41,52.84,7.14,0.78
Seq_2503,26.59,12.5,53.51,7.21,0.19
Seq_2504,27.01,12.63,52.93,6.77,0.67
Seq_2505,25.54,12.97,53.48,7.69,0.32
Seq_2506,25.58,10.85,55.56,7.75,0.26
Seq_2507,26.53,12.6,53.23,7.41,0.22
Seq_2508,25.74,12.6,53.96,7.7,0.0
Seq_2509,26.06,13.19,50.85,9.04,0.85
Seq_2510,25.84,12.53,54.19,7.09,0.35
Seq_2511,28.72,11.69,52.44,6.45,0.7
Seq_2512,27.99,11.01,53.77,7.23,0.0
Seq_2513,27.87,12.84,51.37,7.38,0.55
Seq_2514,24.23,14.45,52.79,8.01,0.53
Seq_2515,26.05,11.76,52.94,9.24,0.0
Seq_2516,26.7,11.78,52.36,8.64,0.52
Seq_2517,25.95,13.09,52.66,7.91,0.38
Seq_2518,27.71,12.49,53.16,6.25,0.4
Seq_2519,27.23,12.73,52.39,7.28,0.37
Seq_2520,27.35,12.33,51.47,8.04,0.8
Seq_2521,26.36,11.54,54.55,7.34,0.21
Seq_2522,25.7,12.56,53.29,8.26,0.2
Seq_2523,24.35,14.15,53.4,7.55,0.54
Seq_2524,27.29,11.47,53.9,7.34,0.0
Seq_2525,26.74,8.68,53.82,10.76,0.0
Seq_2526,25.96,12.61,52.35,8.23,0.85
Seq_2527,25.37,13.06,51.87,9.7,0.0
Seq_2528,29.57,11.67,51.75,6.61,0.39
Seq_2529,25.22,13.6,53.54,7.08,0.56
Seq_2530,25.93,13.08,51.52,8.41,1.05
Seq_2531,29.06,12.21,51.7,6.57,0.46
Seq_2532,25.06,14.0,52.22,7.98,0.75
Seq_2533,26.89,12.15,53.09,7.26,0.61
Seq_2534,27.07,14.66,51.13,7.14,0.0
Seq_2535,25.99,12.96,52.27,8.05,0.73
Seq_2536,26.35,13.34,52.37,7.16,0.79
Seq_2537,27.01,12.32,52.76,7.03,0.87
Seq_2538,27.08,11.26,54.4,6.61,0.65
Seq_2539,25.55,12.88,54.12,7.24,0.2
Seq_2540,26.5,12.11,53.08,7.62,0.69
Seq_2541,26.38,11.73,54.66,7.0,0.22
Seq_2542,24.94,11.85,54.18,8.92,0.11
Seq_2543,26.08,12.83,52.47,7.89,0.74
Seq_2544,25.67,11.62,54.0,8.56,0.16
Seq_2545,27.64,11.39,52.28,7.97,0.72
Seq_2546,25.69,11.22,51.87,10.22,1.0
Seq_2547,25.48,13.22,51.44,8.89,0.96
Seq_2548,26.17,8.88,54.21,10.75,0.0
Seq_2549,26.22,12.47,51.9,8.46,0.95
Seq_2550,26.98,11.81,53.15,7.42,0.64
